Index,FileName,Body,Face,Object,Scene,Other
0001,0001_0-0-1-6-7-2-8-0-17500167280.mp4,FALSE,FALSE,TRUE,FALSE,FALSE
0002,0002_0-0-4-3146384004.mp4,TRUE,FALSE,FALSE,FALSE,FALSE
0003,0003_0-0-8-1-2-4-0-0-3500812400.mp4,TRUE,FALSE,FALSE,FALSE,FALSE
0004,0004_0-1-2-9-1-9-9-5-2401291995.mp4,TRUE,FALSE,FALSE,FALSE,FALSE
0005,0005_0-1-7-8-3-6-4-8-4401783648.mp4,TRUE,FALSE,FALSE,FALSE,FALSE
0006,0006_0-1-9-9-8-6-5-9-4701998659.mp4,TRUE,FALSE,FALSE,FALSE,FALSE
0007,0007_0-2-3-14056753023.mp4,TRUE,FALSE,FALSE,FALSE,FALSE
0008,0008_0-2-9-6-5-7-2-3-16002965723_1.mp4,TRUE,FALSE,FALSE,FALSE,FALSE
0009,0009_0-3-5-4-1-3-6-2-8603541362.mp4,FALSE,FALSE,TRUE,FALSE,FALSE
0010,0010_0-3-6-10842732036.mp4,TRUE,FALSE,FALSE,FALSE,FALSE
0011,0011_0-3-6-2-3-3-4-4-8103623344.mp4,TRUE,FALSE,FALSE,FALSE,FALSE
0012,0012_0-5-3-7-6-2-8-4-24105376284.mp4,FALSE,FALSE,TRUE,FALSE,FALSE
0013,0013_0-5-3-8-6-8-2-6-4805386826.mp4,FALSE,FALSE,TRUE,FALSE,FALSE
0014,0014_0-5-6-8272016056_edit.mp4,TRUE,FALSE,FALSE,FALSE,FALSE
0015,0015_0-6-1-9759583061.mp4,TRUE,FALSE,FALSE,FALSE,FALSE
0016,0016_0-6-6-1-5-8-2-5-14806615825.mp4,FALSE,FALSE,TRUE,FALSE,FALSE
0017,0017_0-7-3-5856076073.mp4,TRUE,FALSE,FALSE,FALSE,FALSE
0018,0018_0-7-7-9-8-1-7-4-24407798174.mp4,TRUE,FALSE,FALSE,FALSE,FALSE
0019,0019_0-7-9-9-7-7-1-5-4307997715.mp4,FALSE,FALSE,TRUE,FALSE,FALSE
0020,0020_0-8-0-0-3-9-3-9-7108003939.mp4,TRUE,FALSE,FALSE,FALSE,FALSE
0021,0021_0-8-0-8-6-5-4-5-4708086545.mp4,FALSE,FALSE,TRUE,FALSE,FALSE
0022,0022_0-8-7-7-9-6-5-5-6508779655.mp4,TRUE,FALSE,FALSE,FALSE,FALSE
0023,0023_0-8-8-7346836088.mp4,TRUE,FALSE,FALSE,FALSE,FALSE
0024,0024_0-9-3-5943645093.mp4,TRUE,FALSE,TRUE,FALSE,FALSE
0025,0025_0-9-5-1-8-2-6-6-4009518266.mp4,FALSE,FALSE,TRUE,FALSE,FALSE
0026,0026_0-9-9-8-0-5-8-5-4909980585.mp4,TRUE,FALSE,FALSE,FALSE,FALSE
0027,0027_03chvdioZYI_85.mp4,TRUE,FALSE,FALSE,FALSE,FALSE
0028,0028_0P6FNr_6XWo_35.mp4,TRUE,FALSE,FALSE,FALSE,FALSE
0029,0029_1-0-7-2-7-1-8-6-2810727186.mp4,TRUE,FALSE,FALSE,FALSE,FALSE
0030,0030_1-1-5-6-1-6-5-2-2811561652.mp4,TRUE,FALSE,FALSE,FALSE,FALSE
0031,0031_1-1-8-8-3-2-8-3-13711883283.mp4,TRUE,FALSE,FALSE,FALSE,FALSE
0032,0032_1-2-0-9-0-9-1-6-3812090916_61.mp4,FALSE,FALSE,TRUE,FALSE,FALSE
0033,0033_1-2-5-1-2-7-6-2-2512512762.mp4,FALSE,FALSE,TRUE,FALSE,FALSE
0034,0034_1-2-5-3344278125.mp4,TRUE,FALSE,FALSE,FALSE,FALSE
0035,0035_1-2-6-3176369126.mp4,TRUE,FALSE,FALSE,FALSE,FALSE
0036,0036_1-2-6-9-6-8-2-1-22212696821.mp4,FALSE,FALSE,TRUE,FALSE,FALSE
0037,0037_1-3-9-9-9-6-4-3-3213999643.mp4,TRUE,FALSE,TRUE,FALSE,FALSE
0038,0038_1-4-3-5-8-6-2-5-3114358625.mp4,TRUE,FALSE,FALSE,TRUE,FALSE
0039,0039_1-4-4-4086629144.mp4,FALSE,FALSE,TRUE,FALSE,FALSE
0040,0040_1-4-8-8-7-8-7-5-3914887875_56.mp4,FALSE,FALSE,TRUE,FALSE,FALSE
0041,0041_1-5-0-0-4-9-7-8-2915004978_2.mp4,TRUE,FALSE,TRUE,TRUE,FALSE
0042,0042_1-5-8-9-2-4-5-4-7815892454.mp4,TRUE,FALSE,TRUE,FALSE,FALSE
0043,0043_1-6-0-2796094160.mp4,TRUE,FALSE,FALSE,FALSE,FALSE
0044,0044_1-6-0-7-7-6-4-6-7816077646.mp4,TRUE,FALSE,TRUE,FALSE,FALSE
0045,0045_1-6-8-0-7-6-7-4-3816807674.mp4,TRUE,FALSE,FALSE,FALSE,FALSE
0046,0046_1-6-8-5795643168.mp4,FALSE,FALSE,FALSE,TRUE,FALSE
0047,0047_1-7-1-8-6-3-6-2-3417186362.mp4,FALSE,FALSE,TRUE,TRUE,FALSE
0048,0048_1-7-2-5-5-0-7-5-25617255075.mp4,TRUE,FALSE,TRUE,FALSE,FALSE
0049,0049_1-7-4-5-3-8-3-6-3017453836.mp4,TRUE,FALSE,TRUE,FALSE,FALSE
0050,0050_1-8-5-7127344185.mp4,TRUE,FALSE,FALSE,TRUE,FALSE
0051,0051_1-8-7-1-1-9-6-6-5418711966.mp4,TRUE,FALSE,TRUE,TRUE,FALSE
0052,0052_1-9-3-0-9-4-6-4-4719309464.mp4,TRUE,FALSE,TRUE,TRUE,FALSE
0053,0053_1-9-3-2-8-0-1-3-3919328013.mp4,TRUE,FALSE,FALSE,TRUE,FALSE
0054,0054_1-9-3-9-3-8-2-2-23719393822.mp4,FALSE,FALSE,FALSE,TRUE,FALSE
0055,0055_1-9-6-7-5-1-9-8-3119675198.mp4,TRUE,FALSE,TRUE,TRUE,FALSE
0056,0056_2-0-0-3614591200.mp4,FALSE,FALSE,TRUE,TRUE,FALSE
0057,0057_2-0-9-8159444209.mp4,FALSE,FALSE,FALSE,TRUE,FALSE
0058,0058_2-4-3-5345273243.mp4,TRUE,FALSE,FALSE,FALSE,FALSE
0059,0059_2-5-7-6889839257.mp4,TRUE,FALSE,TRUE,TRUE,FALSE
0060,0060_2-6-5-12330534265.mp4,TRUE,FALSE,TRUE,FALSE,FALSE
0061,0061_2-9-5-4309863295.mp4,TRUE,FALSE,TRUE,FALSE,FALSE
0062,0062_2EMSeADyrrQ_35.mp4,FALSE,FALSE,TRUE,TRUE,FALSE
0063,0063_2Ng8UYBFhbU_91.mp4,FALSE,FALSE,TRUE,FALSE,FALSE
0064,0064_2Tm26dLw29A_69.mp4,FALSE,FALSE,TRUE,TRUE,FALSE
0065,0065_2aG9AaxuGSU_148.mp4,TRUE,FALSE,TRUE,TRUE,FALSE
0066,0066_2cCnDHUV0W8_35.mp4,TRUE,FALSE,FALSE,TRUE,FALSE
0067,0067_2h1Mj2ymyj8_121.mp4,TRUE,FALSE,TRUE,TRUE,FALSE
0068,0068_3-0-4-4343808304.mp4,TRUE,FALSE,TRUE,TRUE,FALSE
0069,0069_3-0-5-3-4-3-5-2-4730534352.mp4,TRUE,FALSE,FALSE,TRUE,FALSE
0070,0070_3-3-6-8-2-7-6-6-3533682766.mp4,FALSE,FALSE,TRUE,TRUE,FALSE
0071,0071_3-4-9-8-4-7-4-8-4434984748.mp4,FALSE,FALSE,TRUE,TRUE,FALSE
0072,0072_3-5-0-4261181350.mp4,TRUE,FALSE,TRUE,TRUE,FALSE
0073,0073_3-5-8-9-9-5-9-8-4335899598.mp4,TRUE,FALSE,TRUE,TRUE,FALSE
0074,0074_3-6-5-3-3-4-4-5-23036533445.mp4,TRUE,FALSE,TRUE,TRUE,FALSE
0075,0075_3-7-0-7-1-5-3-0-4937071530.mp4,TRUE,FALSE,FALSE,TRUE,FALSE
0076,0076_3-7-3-13269577373.mp4,FALSE,FALSE,TRUE,TRUE,FALSE
0077,0077_3-7-3-7-1-7-0-1-2537371701.mp4,TRUE,FALSE,TRUE,TRUE,FALSE
0078,0078_3-7-5-4-7-7-8-9-8037547789.mp4,TRUE,FALSE,TRUE,TRUE,FALSE
0079,0079_3-7-5-6-6-4-1-7-3437566417.mp4,TRUE,FALSE,TRUE,TRUE,FALSE
0080,0080_3-9-0-6-4-2-6-6-3339064266.mp4,TRUE,FALSE,TRUE,TRUE,FALSE
0081,0081_4-0-6-7-6-1-4-5-4540676145.mp4,FALSE,FALSE,TRUE,FALSE,FALSE
0082,0082_4-2-5-6-5-3-6-5-16342565365.mp4,TRUE,FALSE,TRUE,FALSE,FALSE
0083,0083_4-3-3-1-0-6-4-0-8743310640.mp4,FALSE,FALSE,TRUE,TRUE,FALSE
0084,0084_4-3-4-8736778434.mp4,TRUE,FALSE,TRUE,FALSE,FALSE
0085,0085_4-3-5-6-0-8-0-8-5543560808.mp4,TRUE,FALSE,TRUE,TRUE,FALSE
0086,0086_4-3-5-9059723435.mp4,TRUE,FALSE,TRUE,TRUE,FALSE
0087,0087_4-3-7-4396869437.mp4,TRUE,FALSE,TRUE,TRUE,FALSE
0088,0088_4-3-7-4889733437.mp4,TRUE,FALSE,TRUE,TRUE,FALSE
0089,0089_4-3-8-2-7-7-4-3-9043827743.mp4,FALSE,FALSE,FALSE,TRUE,FALSE
0090,0090_4-4-7-5-2-9-5-4-4744752954.mp4,TRUE,FALSE,TRUE,TRUE,FALSE
0091,0091_4-5-0-1-4-3-5-1-15645014351.mp4,TRUE,FALSE,FALSE,TRUE,FALSE
0092,0092_4-5-7-1-7-9-4-4-5945717944.mp4,TRUE,FALSE,TRUE,TRUE,FALSE
0093,0093_4-5-7-5265004457.mp4,TRUE,FALSE,TRUE,FALSE,FALSE
0094,0094_4-5-9-2-3-0-7-9-15245923079.mp4,TRUE,FALSE,TRUE,TRUE,FALSE
0095,0095_4-6-1-9-8-5-2-4-25546198524.mp4,TRUE,FALSE,TRUE,TRUE,FALSE
0096,0096_4-7-1-1-2-8-3-0-25247112830.mp4,TRUE,FALSE,TRUE,TRUE,FALSE
0097,0097_4-7-9-4959184479.mp4,TRUE,FALSE,TRUE,TRUE,FALSE
0098,0098_4-7-9-5224564479.mp4,TRUE,FALSE,TRUE,TRUE,FALSE
0099,0099_4-7-9-5897473479.mp4,TRUE,FALSE,TRUE,TRUE,FALSE
0100,0100_4-7-9-7-6-5-8-0-2647976580.mp4,TRUE,FALSE,FALSE,TRUE,FALSE
0101,0101_4-8-4-5-2-8-6-4-12748452864.mp4,FALSE,FALSE,FALSE,TRUE,FALSE
0102,0102_4-8-9-2-5-7-3-1-3848925731.mp4,TRUE,FALSE,FALSE,FALSE,FALSE
0103,0103_4-9-0-4-8-4-8-7-3949048487.mp4,FALSE,FALSE,FALSE,TRUE,FALSE
0104,0104_4_mAU3U33fU_224.mp4,TRUE,FALSE,TRUE,TRUE,FALSE
0105,0105_5-0-2-9044555502.mp4,FALSE,FALSE,TRUE,TRUE,FALSE
0106,0106_5-0-6-7-7-5-7-6-14950677576_1.mp4,TRUE,FALSE,TRUE,TRUE,FALSE
0107,0107_5-2-4-5-8-0-7-9-4752458079.mp4,TRUE,FALSE,TRUE,TRUE,FALSE
0108,0108_5-3-4-9966677534.mp4,FALSE,FALSE,TRUE,TRUE,FALSE
0109,0109_5-3-7-1-9-2-1-2-3453719212.mp4,FALSE,FALSE,TRUE,TRUE,FALSE
0110,0110_5-4-0-2405298540.mp4,FALSE,FALSE,TRUE,TRUE,FALSE
0111,0111_5-4-2-6-1-5-0-7-5654261507.mp4,FALSE,FALSE,FALSE,TRUE,FALSE
0112,0112_5-4-2-6-3-7-5-4-7854263754.mp4,FALSE,FALSE,FALSE,TRUE,FALSE
0113,0113_5-4-3-5-0-8-5-4-13654350854_22.mp4,TRUE,FALSE,TRUE,TRUE,FALSE
0114,0114_5-4-5-2-2-4-8-5-8454522485.mp4,FALSE,FALSE,TRUE,FALSE,FALSE
0115,0115_5-4-5-4-1-8-6-5-8254541865_29.mp4,FALSE,FALSE,TRUE,TRUE,FALSE
0116,0116_5-6-5-5-1-6-7-5-23256551675.mp4,FALSE,FALSE,TRUE,FALSE,FALSE
0117,0117_5-6-6-3042970566.mp4,TRUE,FALSE,TRUE,TRUE,FALSE
0118,0118_5-6-7-7-6-0-9-9-3756776099.mp4,TRUE,FALSE,TRUE,TRUE,FALSE
0119,0119_5-7-0-7-8-9-1-3-4257078913.mp4,TRUE,FALSE,TRUE,TRUE,FALSE
0120,0120_5-7-5-3760841575.mp4,TRUE,FALSE,TRUE,TRUE,FALSE
0121,0121_5-7-6-1-2-1-4-3-17357612143.mp4,FALSE,FALSE,TRUE,TRUE,FALSE
0122,0122_5-7-6-9-5-4-8-2-5457695482.mp4,TRUE,FALSE,TRUE,TRUE,FALSE
0123,0123_5-9-0-1-9-6-9-0-5259019690.mp4,TRUE,FALSE,TRUE,TRUE,FALSE
0124,0124_5-9-1-5611850591.mp4,TRUE,FALSE,TRUE,TRUE,FALSE
0125,0125_5-9-4-9166960594.mp4,TRUE,FALSE,TRUE,TRUE,FALSE
0126,0126_5-9-7-5-7-9-9-8-2859757998.mp4,FALSE,FALSE,FALSE,TRUE,FALSE
0127,0127_5541389947.mp4,TRUE,FALSE,TRUE,FALSE,FALSE
0128,0128_5948238182.mp4,TRUE,FALSE,TRUE,FALSE,FALSE
0129,0129_5pZ8Z7icwxE_276.mp4,TRUE,FALSE,TRUE,TRUE,FALSE
0130,0130_6-0-7-6496350607.mp4,TRUE,FALSE,FALSE,TRUE,FALSE
0131,0131_6-0-9-5-1-4-3-4-3260951434.mp4,FALSE,FALSE,TRUE,TRUE,FALSE
0132,0132_6-1-0-8-4-3-3-3-2461084333.mp4,FALSE,FALSE,TRUE,FALSE,FALSE
0133,0133_6-2-2-4-7-1-0-3-6562247103.mp4,TRUE,FALSE,TRUE,FALSE,FALSE
0134,0134_6-3-7-7169142637.mp4,FALSE,FALSE,TRUE,TRUE,FALSE
0135,0135_6-4-0-3-0-0-4-4-22064030044.mp4,TRUE,FALSE,TRUE,TRUE,FALSE
0136,0136_6-4-4-8-8-6-2-5-8164488625.mp4,TRUE,FALSE,TRUE,TRUE,FALSE
0137,0137_6-5-9-3859686659.mp4,TRUE,FALSE,TRUE,TRUE,FALSE
0138,0138_6-6-1-2641881661.mp4,TRUE,FALSE,TRUE,TRUE,FALSE
0139,0139_6-6-6-7-7-0-2-9-6866677029_1.mp4,TRUE,FALSE,TRUE,TRUE,FALSE
0140,0140_6-6-8-7-5-4-8-7-8066875487_24.mp4,TRUE,FALSE,TRUE,TRUE,FALSE
0141,0141_6-7-0-1-4-8-8-0-9267014880.mp4,FALSE,FALSE,TRUE,FALSE,FALSE
0142,0142_6-8-1-3-0-3-6-5-11768130365.mp4,TRUE,FALSE,TRUE,TRUE,FALSE
0143,0143_6-8-5-2652653685.mp4,FALSE,FALSE,TRUE,TRUE,FALSE
0144,0144_6-gEVb8H_fk_649.mp4,TRUE,FALSE,TRUE,FALSE,FALSE
0145,0145_7-0-7-8-4-7-5-8-14570784758.mp4,TRUE,FALSE,TRUE,TRUE,FALSE
0146,0146_7-1-5-1-5-3-3-7-7171515337.mp4,FALSE,FALSE,TRUE,TRUE,FALSE
0147,0147_7-1-6-7637947716.mp4,TRUE,FALSE,TRUE,TRUE,FALSE
0148,0148_7-1-8-0-6-6-5-3-2471806653.mp4,TRUE,FALSE,TRUE,TRUE,FALSE
0149,0149_7-1-8-7-4-8-0-6-2471874806.mp4,TRUE,FALSE,TRUE,TRUE,FALSE
0150,0150_7-2-3-4-0-4-6-7-3872340467.mp4,FALSE,FALSE,TRUE,FALSE,FALSE
0151,0151_7-2-5-2-4-9-1-1-3572524911.mp4,TRUE,FALSE,TRUE,FALSE,FALSE
0152,0152_7-3-2-8-5-5-7-0-2773285570_7.mp4,FALSE,FALSE,TRUE,TRUE,FALSE
0153,0153_7-3-3-3-1-1-7-8-5973331178.mp4,TRUE,FALSE,TRUE,TRUE,FALSE
0154,0154_7-3-3-8-1-7-0-5-5773381705.mp4,FALSE,FALSE,TRUE,FALSE,FALSE
0155,0155_7-3-3-9823355733.mp4,TRUE,FALSE,TRUE,TRUE,FALSE
0156,0156_7-3-8-8-3-3-3-0-6873883330_5.mp4,FALSE,FALSE,TRUE,TRUE,FALSE
0157,0157_7-4-3-9701238743.mp4,TRUE,FALSE,TRUE,TRUE,FALSE
0158,0158_7-5-4-8-3-8-3-6-25975483836.mp4,TRUE,FALSE,TRUE,TRUE,FALSE
0159,0159_7-6-3-1-6-7-9-2-7876316792_13.mp4,TRUE,FALSE,TRUE,FALSE,FALSE
0160,0160_7-7-0-2652639770.mp4,TRUE,FALSE,TRUE,TRUE,FALSE
0161,0161_7-7-2-8-9-8-8-7-3077289887.mp4,TRUE,FALSE,TRUE,TRUE,FALSE
0162,0162_7-7-4-0-8-2-3-2-21577408232.mp4,TRUE,FALSE,TRUE,TRUE,FALSE
0163,0163_7-8-4-11617872784.mp4,TRUE,FALSE,TRUE,TRUE,FALSE
0164,0164_7-8-4-4-0-9-0-9-3778440909.mp4,TRUE,FALSE,TRUE,TRUE,FALSE
0165,0165_7-8-5-4189422785.mp4,TRUE,FALSE,FALSE,TRUE,FALSE
0166,0166_7-9-1-9-1-3-1-5-5879191315.mp4,TRUE,FALSE,TRUE,TRUE,FALSE
0167,0167_7-9-2-5805821792.mp4,TRUE,FALSE,TRUE,TRUE,FALSE
0168,0168_7-9-2-6804993792.mp4,TRUE,FALSE,TRUE,TRUE,FALSE
0169,0169_7-9-4-13012552794.mp4,FALSE,FALSE,TRUE,TRUE,FALSE
0170,0170_75FvTr78rVo_238.mp4,TRUE,FALSE,TRUE,FALSE,FALSE
0171,0171_8-1-0-2784666810.mp4,FALSE,FALSE,TRUE,TRUE,FALSE
0172,0172_8-3-1-7-3-3-2-6-3583173326_54.mp4,TRUE,FALSE,TRUE,TRUE,FALSE
0173,0173_8-5-6-13941149856.mp4,TRUE,FALSE,TRUE,TRUE,FALSE
0174,0174_8-6-1-3575610861.mp4,TRUE,FALSE,TRUE,TRUE,FALSE
0175,0175_8-6-7-3034848867.mp4,TRUE,FALSE,TRUE,FALSE,FALSE
0176,0176_8-7-1-7072478871.mp4,TRUE,FALSE,TRUE,FALSE,FALSE
0177,0177_8-7-5-4-7-4-9-9-6687547499.mp4,TRUE,FALSE,TRUE,FALSE,FALSE
0178,0178_8-7-8-2585165878.mp4,TRUE,FALSE,TRUE,TRUE,FALSE
0179,0179_8-7-8-4802252878.mp4,TRUE,FALSE,TRUE,TRUE,FALSE
0180,0180_8-8-1-8014192881.mp4,TRUE,FALSE,FALSE,TRUE,FALSE
0181,0181_8-9-0-3381035890.mp4,TRUE,FALSE,TRUE,TRUE,FALSE
0182,0182_8-9-7-3822181897.mp4,TRUE,FALSE,TRUE,FALSE,FALSE
0183,0183_8709292427.mp4,TRUE,FALSE,TRUE,FALSE,FALSE
0184,0184_8bbL5ZTo8J4_322.mp4,FALSE,FALSE,TRUE,FALSE,FALSE
0185,0185_9-0-0-5-1-3-8-3-14090051383.mp4,FALSE,FALSE,FALSE,TRUE,FALSE
0186,0186_9-0-3-0-6-1-0-2-16890306102.mp4,TRUE,FALSE,TRUE,TRUE,FALSE
0187,0187_9-1-4-8-0-4-3-2-4391480432.mp4,TRUE,FALSE,TRUE,TRUE,FALSE
0188,0188_9-1-6-3-6-9-9-7-4791636997.mp4,TRUE,FALSE,TRUE,TRUE,FALSE
0189,0189_9-3-3-3-4-8-5-2-3193334852.mp4,FALSE,FALSE,FALSE,TRUE,FALSE
0190,0190_9-3-6-5336600936.mp4,TRUE,FALSE,TRUE,TRUE,FALSE
0191,0191_9-3-7-9-4-7-7-2-15393794772.mp4,TRUE,FALSE,TRUE,TRUE,FALSE
0192,0192_9-4-9-8061428949.mp4,TRUE,FALSE,TRUE,TRUE,FALSE
0193,0193_9-5-5-4087587955.mp4,TRUE,FALSE,TRUE,TRUE,FALSE
0194,0194_9-6-0-4-3-8-6-5-17196043865.mp4,TRUE,FALSE,TRUE,TRUE,FALSE
0195,0195_9-8-1-5713854981.mp4,TRUE,FALSE,TRUE,TRUE,FALSE
0196,0196_9-8-8-3-3-0-9-9-3998833099.mp4,TRUE,FALSE,TRUE,TRUE,FALSE
0197,0197_C_T0k4u1WVA_6.mp4,TRUE,FALSE,TRUE,TRUE,FALSE
0198,0198_HK42zQTEb1g_232.mp4,TRUE,FALSE,TRUE,TRUE,FALSE
0199,0199_KrKLuEmzcBM_26.mp4,TRUE,FALSE,TRUE,TRUE,FALSE
0200,0200_L0axrvyv6co_40.mp4,TRUE,FALSE,TRUE,TRUE,FALSE
0201,0201_LnIGqQ6uIls_28.mp4,TRUE,FALSE,TRUE,TRUE,FALSE
0202,0202_OeYnX9NwB1k_7.mp4,FALSE,FALSE,TRUE,TRUE,FALSE
0203,0203_VJkSUu4f83Q_50.mp4,TRUE,FALSE,TRUE,TRUE,FALSE
0204,0204_a7hMxItSNjQ_99.mp4,TRUE,FALSE,TRUE,TRUE,FALSE
0205,0205_aahG-A2T4Ro_192.mp4,TRUE,FALSE,TRUE,FALSE,FALSE
0206,0206_attsYxVO2pM_122.mp4,TRUE,FALSE,TRUE,TRUE,FALSE
0207,0207_bing-www_dailymotion_com_video_x68vowz_2.mp4,FALSE,FALSE,TRUE,FALSE,FALSE
0208,0208_bing-www_facebook_com_sewwhatalicia_videos_1148889631878967__612.mp4,TRUE,FALSE,TRUE,FALSE,FALSE
0209,0209_bing-www_wikihow_com_Button-a-Suit_82.mp4,TRUE,FALSE,FALSE,FALSE,FALSE
0210,0210_dwxnKkVw4Z0_143.mp4,TRUE,FALSE,TRUE,FALSE,FALSE
0211,0211_flickr-0-0-0-0-3-1-1-4-16000003114_1.mp4,TRUE,FALSE,TRUE,TRUE,FALSE
0212,0212_flickr-0-0-0-1-9-7-6-6-5700019766_5.mp4,TRUE,FALSE,TRUE,TRUE,FALSE
0213,0213_flickr-0-0-2-0-8-2-2-8-2400208228_3.mp4,TRUE,FALSE,TRUE,TRUE,FALSE
0214,0214_flickr-0-0-2-6-5-7-8-4-10900265784_27.mp4,TRUE,FALSE,TRUE,TRUE,FALSE
0215,0215_flickr-0-0-3-7-1-7-7-4-10300371774_13.mp4,TRUE,FALSE,TRUE,TRUE,FALSE
0216,0216_flickr-0-0-3-8-0-2-1-4-7000380214_32.mp4,FALSE,FALSE,TRUE,TRUE,FALSE
0217,0217_flickr-0-0-3-8-6-7-6-9-18500386769_7.mp4,TRUE,FALSE,TRUE,TRUE,FALSE
0218,0218_flickr-0-0-3-9-1-2-6-1-2600391261_12.mp4,TRUE,FALSE,TRUE,TRUE,FALSE
0219,0219_flickr-0-0-5-0-5-7-9-5-4200505795_2.mp4,TRUE,FALSE,TRUE,FALSE,FALSE
0220,0220_flickr-0-0-5-7-8-8-8-6-4800578886_8.mp4,TRUE,FALSE,TRUE,FALSE,FALSE
0221,0221_flickr-0-0-6-6-3-9-4-5-4900663945_62.mp4,TRUE,FALSE,TRUE,TRUE,FALSE
0222,0222_flickr-0-0-6-8-8-6-4-9-18100688649_2.mp4,TRUE,FALSE,TRUE,TRUE,FALSE
0223,0223_flickr-0-0-8-4-5-7-3-6-3000845736_3.mp4,TRUE,FALSE,TRUE,TRUE,FALSE
0224,0224_flickr-0-0-8-6-3-9-7-8-4700863978_6.mp4,TRUE,FALSE,TRUE,TRUE,FALSE
0225,0225_flickr-0-0-9-0-4-3-5-7-14400904357_12.mp4,FALSE,FALSE,TRUE,FALSE,FALSE
0226,0226_flickr-0-1-1-4-7-8-8-0-2801147880_27.mp4,TRUE,FALSE,TRUE,TRUE,FALSE
0227,0227_flickr-0-1-6-1-8-9-0-0-5601618900_7.mp4,TRUE,FALSE,TRUE,TRUE,FALSE
0228,0228_flickr-0-1-6-4-5-9-7-4-12301645974_3.mp4,TRUE,FALSE,TRUE,TRUE,FALSE
0229,0229_flickr-0-1-6-5-6-1-9-9-4701656199_6.mp4,FALSE,FALSE,TRUE,FALSE,FALSE
0230,0230_flickr-0-1-7-9-2-7-7-4-16001792774_3.mp4,TRUE,FALSE,TRUE,TRUE,FALSE
0231,0231_flickr-0-2-0-6-5-9-0-9-2402065909_10.mp4,TRUE,FALSE,TRUE,TRUE,FALSE
0232,0232_flickr-0-2-3-12544471023_3_edit.mp4,TRUE,FALSE,TRUE,TRUE,FALSE
0233,0233_flickr-0-2-4-5-1-7-7-2-15002451772_20.mp4,TRUE,FALSE,TRUE,TRUE,FALSE
0234,0234_flickr-0-2-5-2-4-5-4-3-2402524543_23.mp4,TRUE,FALSE,TRUE,TRUE,FALSE
0235,0235_flickr-0-2-5-6-0-1-4-0-2602560140_2.mp4,TRUE,FALSE,TRUE,TRUE,FALSE
0236,0236_flickr-0-2-8-1-1-8-8-3-5502811883_2.mp4,TRUE,FALSE,TRUE,TRUE,FALSE
0237,0237_flickr-0-2-8-2-2-8-3-3-16002822833_4.mp4,TRUE,FALSE,TRUE,TRUE,FALSE
0238,0238_flickr-0-2-8-4-3-6-5-9-4702843659_25.mp4,TRUE,FALSE,TRUE,TRUE,FALSE
0239,0239_flickr-0-2-8-6-7-4-1-6-2502867416_28.mp4,TRUE,FALSE,TRUE,TRUE,FALSE
0240,0240_flickr-0-2-9-8-3-1-1-8-14302983118_5.mp4,TRUE,FALSE,TRUE,TRUE,FALSE
0241,0241_flickr-0-2-9-9-4-2-5-2-6002994252_14.mp4,TRUE,FALSE,TRUE,TRUE,FALSE
0242,0242_flickr-0-3-0-7-9-7-3-7-15303079737_5.mp4,TRUE,FALSE,TRUE,FALSE,FALSE
0243,0243_flickr-0-3-1-9-1-9-8-3-16003191983_3.mp4,TRUE,FALSE,TRUE,FALSE,FALSE
0244,0244_flickr-0-3-4-0-6-1-0-2-4203406102_32.mp4,TRUE,FALSE,TRUE,TRUE,FALSE
0245,0245_flickr-0-3-5-7-4-0-5-2-7303574052_27.mp4,FALSE,FALSE,TRUE,TRUE,FALSE
0246,0246_flickr-0-3-5-8-0-4-5-4-5603580454_12.mp4,TRUE,FALSE,TRUE,TRUE,FALSE
0247,0247_flickr-0-3-6-1-2-6-1-2-8603612612_3.mp4,TRUE,FALSE,TRUE,TRUE,FALSE
0248,0248_flickr-0-3-6-8-9-9-8-3-5603689983_73.mp4,TRUE,FALSE,TRUE,TRUE,FALSE
0249,0249_flickr-0-3-7-0-8-2-3-6-4803708236_1.mp4,FALSE,FALSE,TRUE,TRUE,FALSE
0250,0250_flickr-0-3-7-4-5-4-2-7-3103745427_3.mp4,TRUE,FALSE,TRUE,TRUE,FALSE
0251,0251_flickr-0-3-7-7-5-2-7-4-4103775274_4.mp4,FALSE,FALSE,TRUE,TRUE,FALSE
0252,0252_flickr-0-3-8-9-3-9-2-3-21303893923_17.mp4,TRUE,FALSE,TRUE,TRUE,FALSE
0253,0253_flickr-0-4-0-4-6-6-0-7-5504046607_55.mp4,FALSE,FALSE,TRUE,TRUE,FALSE
0254,0254_flickr-0-4-0-8-8-1-7-2-14904088172_6.mp4,TRUE,FALSE,TRUE,FALSE,FALSE
0255,0255_flickr-0-4-1-8-7-1-9-3-5404187193_18.mp4,FALSE,FALSE,TRUE,FALSE,FALSE
0256,0256_flickr-0-4-2-3-4-8-2-7-2704234827_48.mp4,TRUE,FALSE,TRUE,TRUE,FALSE
0257,0257_flickr-0-4-2-5-3-4-5-6-2804253456_5.mp4,TRUE,FALSE,TRUE,TRUE,FALSE
0258,0258_flickr-0-4-2-8-4-5-1-8-7404284518_3.mp4,TRUE,FALSE,TRUE,TRUE,FALSE
0259,0259_flickr-0-4-2-9-9-2-1-2-5704299212_23.mp4,FALSE,FALSE,TRUE,FALSE,FALSE
0260,0260_flickr-0-4-3-3-2-9-6-0-6004332960_22.mp4,FALSE,FALSE,TRUE,TRUE,FALSE
0261,0261_flickr-0-4-3-8586022043_54.mp4,FALSE,FALSE,TRUE,FALSE,FALSE
0262,0262_flickr-0-4-6-7-5-5-6-8-4104675568_14.mp4,TRUE,FALSE,TRUE,TRUE,FALSE
0263,0263_flickr-0-4-7-4-3-5-2-3-16004743523_7.mp4,TRUE,FALSE,TRUE,FALSE,FALSE
0264,0264_flickr-0-4-9-8-1-8-2-0-2604981820_14.mp4,TRUE,FALSE,TRUE,TRUE,FALSE
0265,0265_flickr-0-5-1-4-4-8-1-6-14805144816_10.mp4,TRUE,FALSE,TRUE,TRUE,FALSE
0266,0266_flickr-0-5-1-8-3-4-4-6-2405183446_28.mp4,TRUE,FALSE,TRUE,TRUE,FALSE
0267,0267_flickr-0-5-2-0-1-7-0-1-2605201701_15.mp4,TRUE,FALSE,TRUE,FALSE,FALSE
0268,0268_flickr-0-5-3-3-8-8-4-5-2805338845_4.mp4,TRUE,FALSE,TRUE,TRUE,FALSE
0269,0269_flickr-0-5-3-6-8-4-1-5-6605368415_74.mp4,TRUE,FALSE,TRUE,TRUE,FALSE
0270,0270_flickr-0-5-4-1-6-2-4-5-25805416245_171.mp4,TRUE,FALSE,TRUE,TRUE,FALSE
0271,0271_flickr-0-5-5-2-9-5-2-0-4605529520_17.mp4,TRUE,FALSE,TRUE,TRUE,FALSE
0272,0272_flickr-0-5-6-9-8-9-1-3-3105698913_9.mp4,FALSE,FALSE,TRUE,FALSE,FALSE
0273,0273_flickr-0-5-7-2-5-7-0-9-4505725709_54.mp4,TRUE,FALSE,TRUE,TRUE,FALSE
0274,0274_flickr-0-5-8-4899813058_1.mp4,TRUE,FALSE,TRUE,TRUE,FALSE
0275,0275_flickr-0-5-8-8-4-5-7-1-3605884571_1.mp4,TRUE,FALSE,TRUE,TRUE,FALSE
0276,0276_flickr-0-5-9-1-7-6-0-8-4605917608_13.mp4,FALSE,FALSE,TRUE,TRUE,FALSE
0277,0277_flickr-0-5-9-2-3-9-0-6-2905923906_6.mp4,TRUE,FALSE,TRUE,TRUE,FALSE
0278,0278_flickr-0-5-9-4073111059_5.mp4,TRUE,TRUE,TRUE,TRUE,FALSE
0279,0279_flickr-0-5-9-9-5-4-2-9-8005995429_13.mp4,TRUE,FALSE,TRUE,TRUE,FALSE
0280,0280_flickr-0-6-0-2-0-2-0-7-7106020207_5.mp4,FALSE,FALSE,TRUE,TRUE,FALSE
0281,0281_flickr-0-6-0-2-7-3-3-7-2606027337_1.mp4,TRUE,TRUE,TRUE,TRUE,FALSE
0282,0282_flickr-0-6-0-4-8-3-3-3-18406048333_4.mp4,TRUE,FALSE,TRUE,TRUE,FALSE
0283,0283_flickr-0-6-2-7-5-3-8-1-2406275381_10.mp4,TRUE,TRUE,TRUE,TRUE,FALSE
0284,0284_flickr-0-6-3-9-5-7-1-3-2406395713_3.mp4,FALSE,FALSE,TRUE,TRUE,FALSE
0285,0285_flickr-0-6-6-8-2-5-3-7-4606682537_18.mp4,TRUE,FALSE,TRUE,TRUE,FALSE
0286,0286_flickr-0-6-8-3-0-7-4-5-7006830745_2.mp4,TRUE,FALSE,TRUE,TRUE,FALSE
0287,0287_flickr-0-6-9-0-8-5-4-6-4106908546_2.mp4,TRUE,TRUE,TRUE,TRUE,FALSE
0288,0288_flickr-0-6-9-2-6-4-2-4-7206926424_6.mp4,FALSE,TRUE,TRUE,FALSE,FALSE
0289,0289_flickr-0-6-9-4-4-0-1-4-2406944014_44.mp4,FALSE,FALSE,TRUE,TRUE,FALSE
0290,0290_flickr-0-7-0-1-1-7-8-1-4007011781_26.mp4,TRUE,FALSE,TRUE,TRUE,FALSE
0291,0291_flickr-0-7-5-8-6-6-9-6-16307586696_12.mp4,TRUE,FALSE,TRUE,TRUE,FALSE
0292,0292_flickr-0-7-6-1-6-9-6-4-18707616964_18.mp4,TRUE,TRUE,TRUE,TRUE,FALSE
0293,0293_flickr-0-8-0-5-8-5-6-3-8608058563_4.mp4,TRUE,TRUE,TRUE,TRUE,FALSE
0294,0294_flickr-0-8-0-9-2-1-8-6-4408092186_1.mp4,TRUE,FALSE,TRUE,TRUE,FALSE
0295,0295_flickr-0-8-1-3-1-2-7-5-20908131275_19.mp4,TRUE,FALSE,TRUE,TRUE,FALSE
0296,0296_flickr-0-8-2-9-9-5-7-5-2508299575_5.mp4,TRUE,FALSE,TRUE,TRUE,FALSE
0297,0297_flickr-0-8-3-1-3-9-9-3-5608313993_3.mp4,TRUE,FALSE,TRUE,TRUE,FALSE
0298,0298_flickr-0-8-6-3-0-1-7-9-2708630179_6.mp4,TRUE,TRUE,TRUE,TRUE,FALSE
0299,0299_flickr-0-8-6-7264391086_18.mp4,FALSE,FALSE,FALSE,TRUE,FALSE
0300,0300_flickr-0-8-7-2-7-6-5-9-4808727659_1.mp4,TRUE,FALSE,TRUE,TRUE,FALSE
0301,0301_flickr-0-8-8-7-2-4-7-2-5808872472_8.mp4,FALSE,FALSE,TRUE,TRUE,FALSE
0302,0302_flickr-0-8-8-9-8-5-8-9-5808898589_41.mp4,TRUE,FALSE,TRUE,TRUE,FALSE
0303,0303_flickr-0-8-9-4-7-3-8-1-25008947381_2.mp4,FALSE,FALSE,TRUE,TRUE,FALSE
0304,0304_flickr-0-8-9-6-3-0-0-2-4108963002_3.mp4,TRUE,FALSE,TRUE,TRUE,FALSE
0305,0305_flickr-0-9-0-2-4-0-8-5-2709024085_14.mp4,TRUE,TRUE,TRUE,TRUE,FALSE
0306,0306_flickr-0-9-0-4-0-9-6-9-3109040969_4.mp4,TRUE,TRUE,TRUE,TRUE,FALSE
0307,0307_flickr-0-9-3-0-3-3-6-8-2409303368_2.mp4,TRUE,TRUE,TRUE,TRUE,FALSE
0308,0308_flickr-0-9-5-2-0-1-3-0-2609520130_68.mp4,FALSE,FALSE,TRUE,TRUE,FALSE
0309,0309_flickr-0-9-5-2-6-8-5-8-3309526858_1.mp4,TRUE,FALSE,FALSE,TRUE,FALSE
0310,0310_flickr-0-9-6-6-7-2-0-5-5909667205_1.mp4,TRUE,FALSE,TRUE,TRUE,FALSE
0311,0311_flickr-0-9-7-4-9-5-4-8-3109749548_27.mp4,TRUE,FALSE,TRUE,TRUE,FALSE
0312,0312_flickr-0-9-7-5-3-6-5-6-13909753656_75.mp4,FALSE,FALSE,TRUE,TRUE,FALSE
0313,0313_flickr-0-9-7-5-8-5-1-2-7909758512_7.mp4,TRUE,FALSE,FALSE,TRUE,FALSE
0314,0314_flickr-0-9-9-0-5-6-3-4-8609905634_4.mp4,TRUE,FALSE,TRUE,TRUE,FALSE
0315,0315_flickr-0-9-9-3-9-2-4-8-7409939248_27.mp4,TRUE,FALSE,TRUE,TRUE,FALSE
0316,0316_flickr-0-9-9-9-1-2-4-8-2909991248_1.mp4,TRUE,TRUE,TRUE,TRUE,FALSE
0317,0317_flickr-0-9-9-9-4-8-9-4-3509994894_14.mp4,TRUE,TRUE,TRUE,TRUE,FALSE
0318,0318_flickr-1-0-0-6-5-9-6-0-8310065960_10.mp4,TRUE,FALSE,TRUE,TRUE,FALSE
0319,0319_flickr-1-0-3-6-5-6-5-1-4210365651_58.mp4,FALSE,FALSE,TRUE,TRUE,FALSE
0320,0320_flickr-1-0-6-4-2-3-3-2-5710642332_15.mp4,TRUE,TRUE,TRUE,TRUE,FALSE
0321,0321_flickr-1-0-7-5-8-2-0-5-9110758205_15.mp4,TRUE,TRUE,TRUE,TRUE,FALSE
0322,0322_flickr-1-0-7-9-0-2-7-3-5310790273_65.mp4,TRUE,FALSE,TRUE,TRUE,FALSE
0323,0323_flickr-1-1-3-3-0-6-5-4-5611330654_24.mp4,FALSE,FALSE,TRUE,TRUE,FALSE
0324,0324_flickr-1-1-4-7-0-2-2-7-14611470227_3.mp4,TRUE,FALSE,TRUE,TRUE,FALSE
0325,0325_flickr-1-1-4-9-2-7-0-5-17311492705_6.mp4,FALSE,FALSE,TRUE,TRUE,FALSE
0326,0326_flickr-1-1-5-8-1-6-0-2-3511581602_10.mp4,TRUE,TRUE,TRUE,TRUE,FALSE
0327,0327_flickr-1-1-8-0-0-2-8-3-5311800283_51.mp4,FALSE,FALSE,TRUE,TRUE,FALSE
0328,0328_flickr-1-2-5-8694421125_8.mp4,TRUE,TRUE,TRUE,TRUE,FALSE
0329,0329_flickr-1-2-5-9-6-3-3-4-11912596334_16.mp4,TRUE,FALSE,TRUE,TRUE,FALSE
0330,0330_flickr-1-2-6-6021305126_23.mp4,FALSE,FALSE,TRUE,TRUE,FALSE
0331,0331_flickr-1-2-6-9-2-7-6-4-5312692764_5.mp4,TRUE,TRUE,TRUE,TRUE,FALSE
0332,0332_flickr-1-2-9-4-2-2-9-8-7712942298_13.mp4,TRUE,FALSE,TRUE,TRUE,FALSE
0333,0333_flickr-1-3-1-6-4-6-6-3-3813164663_1.mp4,TRUE,FALSE,TRUE,TRUE,FALSE
0334,0334_flickr-1-3-1-7-4-9-0-5-4613174905_9.mp4,TRUE,FALSE,FALSE,TRUE,FALSE
0335,0335_flickr-1-3-3-9-7-7-8-7-4613397787_41.mp4,TRUE,FALSE,TRUE,TRUE,FALSE
0336,0336_flickr-1-3-9-6679895139_93.mp4,TRUE,TRUE,TRUE,TRUE,FALSE
0337,0337_flickr-1-4-0-2-9-9-3-6-6114029936_15.mp4,TRUE,FALSE,TRUE,TRUE,FALSE
0338,0338_flickr-1-4-0-7-8-1-9-3-6114078193_31.mp4,FALSE,FALSE,TRUE,TRUE,FALSE
0339,0339_flickr-1-4-1-6-7-5-8-9-5414167589_43.mp4,TRUE,TRUE,FALSE,TRUE,FALSE
0340,0340_flickr-1-4-2-5-6-9-3-9-5214256939_3.mp4,TRUE,FALSE,TRUE,TRUE,FALSE
0341,0341_flickr-1-4-3-6815990143_3.mp4,FALSE,FALSE,TRUE,TRUE,FALSE
0342,0342_flickr-1-4-6-8-8-2-1-1-4314688211_37.mp4,FALSE,TRUE,TRUE,TRUE,FALSE
0343,0343_flickr-1-4-6-9-7-5-3-3-3414697533_9.mp4,FALSE,FALSE,TRUE,TRUE,TRUE
0344,0344_flickr-1-4-7-9-7-0-4-4-11814797044_8.mp4,TRUE,FALSE,TRUE,TRUE,FALSE
0345,0345_flickr-1-5-2-5-5-2-4-9-5115255249_1.mp4,TRUE,TRUE,FALSE,TRUE,FALSE
0346,0346_flickr-1-5-2-7-8-9-2-5-5515278925_11.mp4,FALSE,FALSE,FALSE,FALSE,TRUE
0347,0347_flickr-1-5-2-9-9-5-0-6-3115299506_11.mp4,TRUE,FALSE,TRUE,TRUE,FALSE
0348,0348_flickr-1-5-3-8-7-3-3-9-2715387339_1.mp4,TRUE,FALSE,TRUE,TRUE,FALSE
0349,0349_flickr-1-5-4-4-2-2-8-9-3315442289_5.mp4,FALSE,FALSE,FALSE,TRUE,FALSE
0350,0350_flickr-1-5-4-6-6-9-4-2-2815466942_13.mp4,TRUE,FALSE,FALSE,TRUE,FALSE
0351,0351_flickr-1-5-4-8-5-6-8-7-5415485687_9.mp4,TRUE,FALSE,TRUE,TRUE,FALSE
0352,0352_flickr-1-5-6-8-7-5-1-6-18715687516_8.mp4,TRUE,TRUE,FALSE,TRUE,FALSE
0353,0353_flickr-1-5-6-9-2-2-5-4-7815692254_29.mp4,TRUE,TRUE,FALSE,TRUE,FALSE
0354,0354_flickr-1-5-6-9-7-0-2-3-4915697023_1.mp4,FALSE,FALSE,TRUE,TRUE,FALSE
0355,0355_flickr-1-5-7-7-5-1-1-1-2415775111_2.mp4,FALSE,FALSE,TRUE,TRUE,FALSE
0356,0356_flickr-1-5-9-9-6-4-8-5-23815996485_6.mp4,TRUE,TRUE,FALSE,TRUE,FALSE
0357,0357_flickr-1-6-1-2-3-2-2-6-4316123226_14.mp4,TRUE,TRUE,TRUE,TRUE,FALSE
0358,0358_flickr-1-6-1-8-6-6-4-5-8316186645_17.mp4,FALSE,FALSE,TRUE,TRUE,FALSE
0359,0359_flickr-1-6-2-3-0-0-5-1-5016230051_8.mp4,FALSE,FALSE,FALSE,TRUE,TRUE
0360,0360_flickr-1-6-2-3-9-1-3-3-7016239133_10.mp4,FALSE,FALSE,FALSE,TRUE,FALSE
0361,0361_flickr-1-6-5-4-8-1-5-8-3816548158_2.mp4,TRUE,TRUE,FALSE,TRUE,FALSE
0362,0362_flickr-1-6-8-5-1-5-0-6-5016851506_19.mp4,FALSE,FALSE,FALSE,TRUE,TRUE
0363,0363_flickr-1-7-1-1-6-6-4-3-6517116643_4.mp4,TRUE,TRUE,FALSE,TRUE,FALSE
0364,0364_flickr-1-7-3-5-9-5-8-4-9617359584_7.mp4,TRUE,TRUE,TRUE,TRUE,FALSE
0365,0365_flickr-1-7-4-9-9-0-5-7-2917499057_2.mp4,TRUE,TRUE,TRUE,TRUE,FALSE
0366,0366_flickr-1-7-6-8-9-2-5-6-3117689256_10.mp4,TRUE,FALSE,TRUE,TRUE,FALSE
0367,0367_flickr-1-7-6-9-4-6-4-5-5617694645_23.mp4,TRUE,TRUE,FALSE,TRUE,FALSE
0368,0368_flickr-1-7-7-4-9-3-9-0-3617749390_25.mp4,TRUE,FALSE,FALSE,TRUE,FALSE
0369,0369_flickr-1-7-8-3-7-4-8-7-2817837487_1.mp4,TRUE,TRUE,TRUE,TRUE,FALSE
0370,0370_flickr-1-7-9-4-4-9-4-4-7617944944_22.mp4,FALSE,FALSE,TRUE,TRUE,FALSE
0371,0371_flickr-1-7-9-5-9-9-4-8-22417959948_18.mp4,FALSE,FALSE,TRUE,TRUE,FALSE
0372,0372_flickr-1-8-0-2-3-9-5-9-4918023959_4.mp4,TRUE,FALSE,TRUE,TRUE,FALSE
0373,0373_flickr-1-8-7-4-5-1-0-5-4518745105_8.mp4,TRUE,FALSE,TRUE,TRUE,FALSE
0374,0374_flickr-1-9-1-9-7-1-5-5-17219197155_2_edit.mp4,TRUE,FALSE,TRUE,TRUE,FALSE
0375,0375_flickr-1-9-5-5-9-4-1-2-6119559412_17.mp4,TRUE,FALSE,FALSE,TRUE,FALSE
0376,0376_flickr-1-9-6-8-8-5-8-2-15619688582_87.mp4,FALSE,FALSE,TRUE,TRUE,FALSE
0377,0377_flickr-1-9-9-7-1-3-5-0-5419971350_12.mp4,TRUE,FALSE,FALSE,TRUE,FALSE
0378,0378_flickr-2-0-2-8568328202_159.mp4,TRUE,FALSE,FALSE,TRUE,FALSE
0379,0379_flickr-2-0-5-10028691205_3.mp4,TRUE,FALSE,TRUE,TRUE,FALSE
0380,0380_flickr-2-0-5-8313532205_4.mp4,TRUE,TRUE,FALSE,TRUE,FALSE
0381,0381_flickr-2-0-6-0-5-8-8-4-20420605884_112.mp4,TRUE,TRUE,TRUE,TRUE,FALSE
0382,0382_flickr-2-0-8-2-2-5-4-6-22620822546_96.mp4,TRUE,TRUE,TRUE,TRUE,FALSE
0383,0383_flickr-2-0-8-3-2-4-0-4-15920832404_19.mp4,TRUE,TRUE,TRUE,TRUE,FALSE
0384,0384_flickr-2-0-9-4-2-3-5-8-8320942358_28.mp4,TRUE,TRUE,FALSE,TRUE,FALSE
0385,0385_flickr-2-1-0-9-1-4-7-1-16621091471_6.mp4,FALSE,FALSE,TRUE,TRUE,FALSE
0386,0386_flickr-2-1-2-2-8-3-9-1-15721228391_4.mp4,TRUE,FALSE,TRUE,TRUE,FALSE
0387,0387_flickr-2-1-4-1-7-8-4-4-3321417844_2.mp4,FALSE,FALSE,TRUE,TRUE,FALSE
0388,0388_flickr-2-1-5-9-7-4-5-7-15121597457_4.mp4,TRUE,FALSE,TRUE,TRUE,FALSE
0389,0389_flickr-2-1-6-5-5-0-2-7-4021655027_12.mp4,TRUE,FALSE,FALSE,TRUE,TRUE
0390,0390_flickr-2-1-7-9-2-7-6-1-16621792761_12.mp4,TRUE,FALSE,TRUE,TRUE,FALSE
0391,0391_flickr-2-1-8-9-8-3-7-6-2621898376_13.mp4,TRUE,TRUE,TRUE,TRUE,FALSE
0392,0392_flickr-2-2-3-3-5-1-1-5-16622335115_8.mp4,TRUE,TRUE,FALSE,TRUE,FALSE
0393,0393_flickr-2-2-4-0-5-4-2-0-8322405420_55.mp4,TRUE,FALSE,FALSE,TRUE,FALSE
0394,0394_flickr-2-2-5-9-2-6-8-7-5222592687_13.mp4,TRUE,FALSE,TRUE,TRUE,FALSE
0395,0395_flickr-2-2-6-9-9-3-0-8-3422699308_1.mp4,TRUE,FALSE,TRUE,TRUE,FALSE
0396,0396_flickr-2-2-9-7975460229_7.mp4,TRUE,FALSE,TRUE,TRUE,FALSE
0397,0397_flickr-2-3-2-4-2-2-1-8-5323242218_7.mp4,FALSE,FALSE,TRUE,TRUE,FALSE
0398,0398_flickr-2-3-3-6-7-8-6-6-15123367866_15.mp4,TRUE,TRUE,TRUE,TRUE,FALSE
0399,0399_flickr-2-3-5-4-6-5-5-2-6923546552_6.mp4,TRUE,FALSE,TRUE,TRUE,FALSE
0400,0400_flickr-2-3-7-2-1-7-0-1-16623721701_7.mp4,FALSE,FALSE,TRUE,TRUE,FALSE
0401,0401_flickr-2-3-7-2-4-7-9-5-5823724795_5.mp4,FALSE,FALSE,TRUE,TRUE,FALSE
0402,0402_flickr-2-3-7-9-4-9-7-6-2923794976_16.mp4,TRUE,FALSE,FALSE,TRUE,FALSE
0403,0403_flickr-2-3-8-2-3-9-0-2-15823823902_19.mp4,TRUE,FALSE,TRUE,TRUE,FALSE
0404,0404_flickr-2-4-0-2-2-7-7-1-2424022771_4.mp4,TRUE,FALSE,TRUE,TRUE,FALSE
0405,0405_flickr-2-4-1-5-4-5-5-4-4724154554_8.mp4,TRUE,FALSE,FALSE,TRUE,FALSE
0406,0406_flickr-2-4-2-2-5-5-1-5-16624225515_5.mp4,TRUE,FALSE,TRUE,TRUE,FALSE
0407,0407_flickr-2-4-2-4-4-5-5-1-6524244551_4.mp4,TRUE,FALSE,TRUE,TRUE,FALSE
0408,0408_flickr-2-4-2-6-7-9-3-0-4524267930_1.mp4,TRUE,FALSE,TRUE,TRUE,FALSE
0409,0409_flickr-2-4-8-2436811248_77.mp4,TRUE,FALSE,TRUE,TRUE,FALSE
0410,0410_flickr-2-4-8-7-5-8-8-0-2424875880_4.mp4,TRUE,FALSE,TRUE,TRUE,FALSE
0411,0411_flickr-2-4-9-3-6-1-9-4-14024936194_35.mp4,FALSE,FALSE,TRUE,TRUE,FALSE
0412,0412_flickr-2-4-9-8-1-0-6-8-3224981068_1.mp4,TRUE,FALSE,TRUE,TRUE,FALSE
0413,0413_flickr-2-4-9-8-7-4-7-9-24224987479_4.mp4,FALSE,FALSE,TRUE,TRUE,FALSE
0414,0414_flickr-2-5-4-4-3-9-5-9-8625443959_8.mp4,TRUE,FALSE,TRUE,TRUE,FALSE
0415,0415_flickr-2-5-7-0-8-8-8-8-6225708888_12.mp4,FALSE,FALSE,TRUE,TRUE,FALSE
0416,0416_flickr-2-5-9-0-7-1-0-7-6225907107_10.mp4,FALSE,FALSE,TRUE,TRUE,FALSE
0417,0417_flickr-2-5-9-4-2-0-8-5-4425942085_11.mp4,FALSE,FALSE,TRUE,TRUE,FALSE
0418,0418_flickr-2-6-6-4784306266_9.mp4,TRUE,FALSE,FALSE,TRUE,FALSE
0419,0419_flickr-2-6-6-6-6-4-6-1-19826666461_117.mp4,TRUE,FALSE,TRUE,TRUE,FALSE
0420,0420_flickr-2-6-7-0-3-1-7-5-24326703175_2.mp4,FALSE,FALSE,TRUE,TRUE,FALSE
0421,0421_flickr-2-6-7-1-1-7-8-3-14526711783_2.mp4,TRUE,FALSE,TRUE,TRUE,FALSE
0422,0422_flickr-2-6-7-4396444267_6.mp4,TRUE,FALSE,TRUE,TRUE,FALSE
0423,0423_flickr-2-7-0-5-3-0-2-1-3127053021_6.mp4,TRUE,TRUE,FALSE,TRUE,FALSE
0424,0424_flickr-2-7-1-1-4-5-2-6-4027114526_68.mp4,TRUE,FALSE,TRUE,TRUE,FALSE
0425,0425_flickr-2-7-4-4-6-6-4-5-3427446645_2.mp4,FALSE,FALSE,TRUE,TRUE,FALSE
0426,0426_flickr-2-7-4-8-7-0-5-5-20127487055_45.mp4,FALSE,FALSE,FALSE,TRUE,TRUE
0427,0427_flickr-2-7-6-1-5-5-9-1-9127615591_2.mp4,TRUE,FALSE,TRUE,TRUE,FALSE
0428,0428_flickr-2-7-7-2-1-6-8-8-5327721688_3.mp4,FALSE,FALSE,TRUE,TRUE,FALSE
0429,0429_flickr-2-7-8-2-3-7-0-7-7127823707_44.mp4,TRUE,FALSE,TRUE,TRUE,FALSE
0430,0430_flickr-2-8-0-0-8-7-9-3-23628008793_8.mp4,FALSE,FALSE,TRUE,TRUE,FALSE
0431,0431_flickr-2-8-1-7183499281_5.mp4,FALSE,FALSE,TRUE,TRUE,FALSE
0432,0432_flickr-2-8-5-8-1-6-8-0-4128581680_9.mp4,TRUE,TRUE,TRUE,TRUE,FALSE
0433,0433_flickr-2-8-8-7-2-7-0-1-4828872701_1.mp4,TRUE,TRUE,TRUE,TRUE,FALSE
0434,0434_flickr-2-9-0-7-9-9-3-3-16529079933_1.mp4,TRUE,TRUE,FALSE,TRUE,FALSE
0435,0435_flickr-2-9-0-9-0-5-4-2-3229090542_33.mp4,TRUE,TRUE,TRUE,TRUE,FALSE
0436,0436_flickr-2-9-0-9-7-4-0-3-20129097403_59.mp4,FALSE,FALSE,TRUE,TRUE,FALSE
0437,0437_flickr-2-9-3-0-2-4-6-0-3529302460_36.mp4,TRUE,FALSE,TRUE,TRUE,FALSE
0438,0438_flickr-2-9-5-0-5-0-4-6-5329505046_38.mp4,TRUE,TRUE,TRUE,TRUE,FALSE
0439,0439_flickr-2-9-5-4347204295_14.mp4,TRUE,FALSE,TRUE,TRUE,FALSE
0440,0440_flickr-2-9-8-3-2-1-2-0-9129832120_20.mp4,TRUE,FALSE,TRUE,TRUE,FALSE
0441,0441_flickr-2-9-9-5-9-0-8-4-7929959084_4.mp4,TRUE,TRUE,TRUE,TRUE,FALSE
0442,0442_flickr-2-9-9-8-3-0-1-7-4329983017_15.mp4,FALSE,FALSE,TRUE,TRUE,FALSE
0443,0443_flickr-3-0-0-8-9-8-3-5-16230089835_5.mp4,FALSE,FALSE,TRUE,TRUE,FALSE
0444,0444_flickr-3-0-1-3006399301_11.mp4,TRUE,FALSE,TRUE,TRUE,FALSE
0445,0445_flickr-3-0-2-0-1-8-7-4-2530201874_12.mp4,TRUE,FALSE,TRUE,TRUE,FALSE
0446,0446_flickr-3-0-2-2-2-9-5-2-18130222952_49.mp4,TRUE,FALSE,TRUE,TRUE,FALSE
0447,0447_flickr-3-0-2-8-4-3-3-1-3630284331_26.mp4,TRUE,FALSE,FALSE,TRUE,FALSE
0448,0448_flickr-3-0-3-4-4-0-5-9-2430344059_11.mp4,TRUE,FALSE,TRUE,TRUE,FALSE
0449,0449_flickr-3-0-3-4844566303_17.mp4,TRUE,FALSE,TRUE,TRUE,FALSE
0450,0450_flickr-3-0-4-4997186304_22.mp4,TRUE,TRUE,TRUE,TRUE,FALSE
0451,0451_flickr-3-0-8-9-1-7-0-3-5530891703_51.mp4,TRUE,FALSE,TRUE,TRUE,FALSE
0452,0452_flickr-3-1-0-1-7-3-6-2-7831017362_46.mp4,TRUE,FALSE,TRUE,TRUE,FALSE
0453,0453_flickr-3-1-1-1-2-7-9-5-3931112795_7.mp4,FALSE,FALSE,TRUE,TRUE,FALSE
0454,0454_flickr-3-1-6-1-3-5-5-2-15131613552_40.mp4,TRUE,TRUE,TRUE,TRUE,FALSE
0455,0455_flickr-3-1-6-5690390316_5.mp4,TRUE,TRUE,FALSE,TRUE,FALSE
0456,0456_flickr-3-1-6-8-0-3-4-3-2531680343_3.mp4,TRUE,TRUE,TRUE,TRUE,FALSE
0457,0457_flickr-3-1-7-9-4-5-7-6-23631794576_15.mp4,TRUE,TRUE,FALSE,TRUE,FALSE
0458,0458_flickr-3-1-8-0-9-1-9-5-2731809195_2.mp4,FALSE,FALSE,TRUE,TRUE,FALSE
0459,0459_flickr-3-1-8-7-5-2-2-4-19231875224_17.mp4,FALSE,FALSE,TRUE,TRUE,FALSE
0460,0460_flickr-3-1-9-3-3-8-8-1-5331933881_2.mp4,TRUE,FALSE,TRUE,TRUE,FALSE
0461,0461_flickr-3-2-1-3-8-8-5-0-4132138850_1.mp4,TRUE,TRUE,TRUE,TRUE,FALSE
0462,0462_flickr-3-2-5-5905609325_2.mp4,TRUE,FALSE,TRUE,TRUE,FALSE
0463,0463_flickr-3-2-5-6-3-4-7-3-13532563473_69.mp4,FALSE,FALSE,TRUE,TRUE,FALSE
0464,0464_flickr-3-2-6-1-3-2-1-4-11532613214_32.mp4,TRUE,TRUE,TRUE,TRUE,FALSE
0465,0465_flickr-3-2-7-8-5-7-8-0-4532785780_3.mp4,FALSE,FALSE,TRUE,TRUE,FALSE
0466,0466_flickr-3-2-8-2-1-7-3-6-26332821736_9.mp4,TRUE,FALSE,TRUE,TRUE,FALSE
0467,0467_flickr-3-2-9-8272259329_11.mp4,TRUE,TRUE,FALSE,TRUE,FALSE
0468,0468_flickr-3-3-1-5-3-1-6-2-4133153162_54.mp4,TRUE,FALSE,TRUE,TRUE,FALSE
0469,0469_flickr-3-3-3-4-7-1-3-6-2733347136_6.mp4,TRUE,TRUE,TRUE,TRUE,FALSE
0470,0470_flickr-3-3-6-0-8-7-1-3-2933608713_1.mp4,TRUE,FALSE,TRUE,TRUE,FALSE
0471,0471_flickr-3-3-7-3-7-9-2-7-2633737927_23.mp4,TRUE,TRUE,TRUE,TRUE,FALSE
0472,0472_flickr-3-3-9-0-0-5-9-8-4333900598_9.mp4,TRUE,FALSE,TRUE,TRUE,FALSE
0473,0473_flickr-3-3-9-5-2-7-5-7-3833952757_3.mp4,FALSE,FALSE,TRUE,TRUE,FALSE
0474,0474_flickr-3-4-4-10578385344_4.mp4,TRUE,TRUE,TRUE,TRUE,FALSE
0475,0475_flickr-3-4-4-6-6-4-5-6-4534466456_16.mp4,TRUE,TRUE,FALSE,TRUE,FALSE
0476,0476_flickr-3-4-5-8-0-0-0-8-2934580008_12.mp4,TRUE,TRUE,TRUE,TRUE,FALSE
0477,0477_flickr-3-4-7-3-3-3-3-9-6034733339_21.mp4,TRUE,FALSE,TRUE,TRUE,FALSE
0478,0478_flickr-3-5-4-0-1-6-6-0-16435401660_9.mp4,TRUE,TRUE,TRUE,TRUE,FALSE
0479,0479_flickr-3-5-4-8-7-5-4-5-6735487545_33.mp4,FALSE,FALSE,TRUE,TRUE,FALSE
0480,0480_flickr-3-5-7-9-3-0-7-2-16035793072_4.mp4,TRUE,TRUE,TRUE,TRUE,FALSE
0481,0481_flickr-3-5-8-7-6-6-7-1-8035876671_24.mp4,TRUE,TRUE,TRUE,TRUE,FALSE
0482,0482_flickr-3-6-1-5-3-4-7-1-4736153471_25.mp4,FALSE,FALSE,TRUE,TRUE,FALSE
0483,0483_flickr-3-6-2-8-2-8-1-0-2436282810_3.mp4,TRUE,FALSE,FALSE,TRUE,FALSE
0484,0484_flickr-3-6-3-5-3-2-4-9-2536353249_3.mp4,TRUE,TRUE,TRUE,TRUE,FALSE
0485,0485_flickr-3-6-5-3-6-4-5-4-3436536454_4.mp4,TRUE,FALSE,TRUE,TRUE,FALSE
0486,0486_flickr-3-6-6-0-6-4-2-9-5636606429_16.mp4,TRUE,FALSE,FALSE,TRUE,FALSE
0487,0487_flickr-3-6-7-6-1-2-9-0-16436761290_7.mp4,TRUE,FALSE,FALSE,TRUE,FALSE
0488,0488_flickr-3-6-7-9-2-2-8-9-25236792289_3.mp4,TRUE,FALSE,TRUE,TRUE,FALSE
0489,0489_flickr-3-7-0-3-0-2-0-2-4837030202_4.mp4,FALSE,FALSE,TRUE,TRUE,FALSE
0490,0490_flickr-3-7-0-9-9-8-0-5-2937099805_4.mp4,TRUE,FALSE,TRUE,TRUE,FALSE
0491,0491_flickr-3-7-3-4-7-6-3-9-16437347639_5.mp4,TRUE,TRUE,TRUE,TRUE,FALSE
0492,0492_flickr-3-7-4-6-0-0-6-1-2837460061_26.mp4,TRUE,FALSE,TRUE,TRUE,FALSE
0493,0493_flickr-3-7-5-0-5-7-1-0-24837505710_1.mp4,TRUE,FALSE,TRUE,TRUE,FALSE
0494,0494_flickr-3-7-5-3-3-0-5-9-4037533059_4.mp4,TRUE,TRUE,TRUE,TRUE,FALSE
0495,0495_flickr-3-7-7-4-2-5-7-6-14437742576_59.mp4,TRUE,TRUE,FALSE,TRUE,FALSE
0496,0496_flickr-3-7-7-4-3-9-9-6-6337743996_11.mp4,FALSE,FALSE,TRUE,TRUE,FALSE
0497,0497_flickr-3-7-8-4-8-3-4-9-3637848349_1.mp4,TRUE,FALSE,TRUE,TRUE,FALSE
0498,0498_flickr-3-8-1-6-3-8-6-8-5438163868_20.mp4,TRUE,TRUE,TRUE,TRUE,FALSE
0499,0499_flickr-3-8-4-0-9-5-4-6-2938409546_11.mp4,TRUE,TRUE,FALSE,TRUE,FALSE
0500,0500_flickr-3-8-5-1-6-3-6-9-16538516369_2.mp4,TRUE,TRUE,TRUE,TRUE,FALSE
0501,0501_flickr-3-8-5-7-5-9-3-9-16038575939_43_edit.mp4,TRUE,FALSE,FALSE,TRUE,TRUE
0502,0502_flickr-3-8-5-9-3-8-0-6-4938593806_4.mp4,TRUE,FALSE,TRUE,TRUE,FALSE
0503,0503_flickr-3-8-6-7-0-4-9-6-2838670496_41.mp4,TRUE,TRUE,FALSE,TRUE,FALSE
0504,0504_flickr-3-8-7-3-0-7-3-4-3838730734_35.mp4,TRUE,FALSE,TRUE,TRUE,FALSE
0505,0505_flickr-3-8-7-3-9-3-4-2-3138739342_35.mp4,TRUE,TRUE,FALSE,TRUE,FALSE
0506,0506_flickr-3-8-8-6-3-7-5-7-9538863757_48.mp4,FALSE,FALSE,TRUE,TRUE,FALSE
0507,0507_flickr-3-9-0-9-6-4-0-2-25839096402_143.mp4,TRUE,TRUE,TRUE,TRUE,FALSE
0508,0508_flickr-3-9-1-6-8-5-2-5-12039168525_1.mp4,TRUE,TRUE,TRUE,TRUE,FALSE
0509,0509_flickr-3-9-3-3-6-0-2-5-16839336025_13.mp4,TRUE,TRUE,TRUE,TRUE,FALSE
0510,0510_flickr-3-9-3-5-6-4-7-1-3139356471_14.mp4,FALSE,FALSE,TRUE,TRUE,FALSE
0511,0511_flickr-3-9-4-0-1-1-7-3-9939401173_11.mp4,TRUE,TRUE,FALSE,TRUE,FALSE
0512,0512_flickr-3-9-5-3668296395_18.mp4,TRUE,FALSE,TRUE,TRUE,FALSE
0513,0513_flickr-3-9-6-7367078396_14.mp4,TRUE,TRUE,TRUE,TRUE,FALSE
0514,0514_flickr-3-9-7-8-1-6-2-9-22639781629_108.mp4,TRUE,FALSE,TRUE,TRUE,FALSE
0515,0515_flickr-4-0-0-0-4-8-9-6-2440004896_51.mp4,TRUE,FALSE,TRUE,TRUE,FALSE
0516,0516_flickr-4-0-0-2-8-6-9-6-3140028696_6-converted_edit.mp4,FALSE,FALSE,TRUE,TRUE,FALSE
0517,0517_flickr-4-0-1-6-2-7-4-6-7640162746_3.mp4,TRUE,TRUE,TRUE,TRUE,FALSE
0518,0518_flickr-4-0-1-8-0-2-5-3-3640180253_53.mp4,TRUE,FALSE,TRUE,TRUE,FALSE
0519,0519_flickr-4-0-1-9-9-8-9-0-3940199890_39.mp4,FALSE,FALSE,TRUE,TRUE,FALSE
0520,0520_flickr-4-0-4-2-6-8-8-4-2540426884_8.mp4,FALSE,FALSE,TRUE,TRUE,FALSE
0521,0521_flickr-4-0-5-9928892405_17.mp4,TRUE,TRUE,FALSE,TRUE,FALSE
0522,0522_flickr-4-0-7-1-3-2-0-4-3340713204_7.mp4,TRUE,FALSE,FALSE,TRUE,FALSE
0523,0523_flickr-4-0-7-7-3-4-9-6-2840773496_13.mp4,TRUE,FALSE,FALSE,TRUE,FALSE
0524,0524_flickr-4-0-8-5-1-2-1-4-2540851214_1.mp4,TRUE,TRUE,FALSE,TRUE,FALSE
0525,0525_flickr-4-0-9-5-6-4-6-6-2840956466_18.mp4,TRUE,TRUE,FALSE,TRUE,FALSE
0526,0526_flickr-4-1-1-0-3-6-8-6-10341103686_12.mp4,TRUE,FALSE,FALSE,TRUE,TRUE
0527,0527_flickr-4-1-1-5-3-8-8-3-4141153883_14.mp4,FALSE,FALSE,TRUE,TRUE,FALSE
0528,0528_flickr-4-1-1-6-0-8-2-4-5441160824_31.mp4,TRUE,TRUE,FALSE,TRUE,FALSE
0529,0529_flickr-4-1-3-0-4-6-0-6-9141304606_6.mp4,TRUE,TRUE,TRUE,TRUE,FALSE
0530,0530_flickr-4-1-4-5-3-3-2-0-9641453320_11.mp4,TRUE,FALSE,FALSE,TRUE,FALSE
0531,0531_flickr-4-1-4-7-9-0-4-4-13341479044_23.mp4,TRUE,TRUE,FALSE,TRUE,FALSE
0532,0532_flickr-4-1-4-8-3-2-0-0-7341483200_27.mp4,TRUE,TRUE,FALSE,TRUE,FALSE
0533,0533_flickr-4-2-0-7-1-7-2-3-12442071723_2_edit.mp4,TRUE,TRUE,FALSE,TRUE,FALSE
0534,0534_flickr-4-2-2-9-5-4-1-5-3342295415_45.mp4,FALSE,FALSE,TRUE,TRUE,FALSE
0535,0535_flickr-4-2-3-1-9-6-3-6-8642319636_7.mp4,TRUE,TRUE,TRUE,TRUE,FALSE
0536,0536_flickr-4-2-4-0-9-0-5-6-17342409056_7.mp4,TRUE,TRUE,FALSE,TRUE,FALSE
0537,0537_flickr-4-2-4-7-5-5-8-7-15242475587_2.mp4,TRUE,FALSE,TRUE,TRUE,FALSE
0538,0538_flickr-4-2-5-9-6-5-4-7-4042596547_9.mp4,TRUE,FALSE,TRUE,TRUE,FALSE
0539,0539_flickr-4-2-6-2-3-1-4-5-12742623145_12.mp4,TRUE,FALSE,TRUE,TRUE,FALSE
0540,0540_flickr-4-2-8-3-4-7-9-1-19442834791_112.mp4,FALSE,FALSE,TRUE,TRUE,FALSE
0541,0541_flickr-4-2-8-7574522428_16.mp4,TRUE,FALSE,FALSE,TRUE,FALSE
0542,0542_flickr-4-2-8-9-8-2-3-8-14142898238_5.mp4,FALSE,FALSE,TRUE,TRUE,FALSE
0543,0543_flickr-4-2-9-1-4-9-3-3-24542914933_8.mp4,FALSE,FALSE,TRUE,TRUE,FALSE
0544,0544_flickr-4-2-9-6476110429_3.mp4,TRUE,FALSE,FALSE,TRUE,FALSE
0545,0545_flickr-4-3-1-2-5-0-5-4-7443125054_16.mp4,TRUE,TRUE,TRUE,TRUE,FALSE
0546,0546_flickr-4-3-2-2-6-4-7-0-15243226470_5.mp4,FALSE,FALSE,TRUE,TRUE,FALSE
0547,0547_flickr-4-3-3-9-2-5-8-9-5943392589_2.mp4,TRUE,FALSE,TRUE,TRUE,FALSE
0548,0548_flickr-4-3-4-4-1-3-1-2-2743441312_3.mp4,TRUE,TRUE,TRUE,TRUE,FALSE
0549,0549_flickr-4-3-5-10101990435_3.mp4,TRUE,FALSE,FALSE,TRUE,FALSE
0550,0550_flickr-4-3-5-3-4-3-2-2-16143534322_17.mp4,TRUE,TRUE,TRUE,TRUE,FALSE
0551,0551_flickr-4-3-5-9-2-1-9-9-5943592199_28_edit.mp4,FALSE,FALSE,TRUE,TRUE,FALSE
0552,0552_flickr-4-3-6-5-9-2-5-4-2843659254_1-converted_edit.mp4,TRUE,FALSE,TRUE,TRUE,FALSE
0553,0553_flickr-4-3-9-3-7-8-6-2-23543937862_5.mp4,FALSE,FALSE,FALSE,TRUE,FALSE
0554,0554_flickr-4-4-0-2-8-4-0-5-14244028405_17.mp4,TRUE,TRUE,FALSE,FALSE,FALSE
0555,0555_flickr-4-4-1-5-9-1-8-3-4944159183_18.mp4,FALSE,FALSE,TRUE,FALSE,FALSE
0556,0556_flickr-4-4-3-3-5-8-1-3-9144335813_7.mp4,FALSE,FALSE,TRUE,FALSE,FALSE
0557,0557_flickr-4-4-4-0-2-3-4-0-7444402340_17.mp4,TRUE,TRUE,TRUE,FALSE,FALSE
0558,0558_flickr-4-4-5-3-3-5-4-4-8244533544_3.mp4,TRUE,FALSE,FALSE,FALSE,FALSE
0559,0559_flickr-4-4-5-9-9-2-0-5-9644599205_13.mp4,TRUE,TRUE,FALSE,FALSE,FALSE
0560,0560_flickr-4-4-7-6-0-0-6-2-3544760062_29.mp4,TRUE,TRUE,TRUE,FALSE,FALSE
0561,0561_flickr-4-4-7-8-4-8-5-4-16644784854_1.mp4,TRUE,TRUE,FALSE,FALSE,FALSE
0562,0562_flickr-4-5-1-1-8-8-1-1-5545118811_54.mp4,TRUE,FALSE,TRUE,FALSE,FALSE
0563,0563_flickr-4-5-2-3-9-5-1-6-5845239516_2.mp4,TRUE,TRUE,FALSE,FALSE,FALSE
0564,0564_flickr-4-5-2-5-9-5-8-0-19845259580_58.mp4,TRUE,FALSE,FALSE,FALSE,FALSE
0565,0565_flickr-4-5-8-8-7-8-6-6-2945887866_2.mp4,TRUE,TRUE,FALSE,FALSE,FALSE
0566,0566_flickr-4-5-9-0-9-4-8-6-11445909486_36.mp4,TRUE,TRUE,TRUE,FALSE,FALSE
0567,0567_flickr-4-5-9-4-3-5-9-8-5045943598_15_edit.mp4,TRUE,FALSE,FALSE,TRUE,FALSE
0568,0568_flickr-4-6-1-6-2-8-2-7-9646162827_8.mp4,TRUE,FALSE,FALSE,FALSE,FALSE
0569,0569_flickr-4-6-2-1-0-7-8-1-5246210781_26.mp4,TRUE,TRUE,TRUE,FALSE,FALSE
0570,0570_flickr-4-6-2-1-2-2-3-1-15246212231_2.mp4,TRUE,FALSE,FALSE,FALSE,FALSE
0571,0571_flickr-4-6-2-4-4-1-5-1-4646244151_28.mp4,TRUE,FALSE,FALSE,TRUE,FALSE
0572,0572_flickr-4-6-2-6-6-9-8-1-3346266981_3.mp4,FALSE,FALSE,TRUE,FALSE,FALSE
0573,0573_flickr-4-6-2-9160936462_48.mp4,TRUE,FALSE,TRUE,FALSE,FALSE
0574,0574_flickr-4-6-5-0-2-9-7-8-6946502978_14.mp4,TRUE,TRUE,TRUE,FALSE,FALSE
0575,0575_flickr-4-6-5-8-1-4-3-1-4646581431_6.mp4,FALSE,FALSE,TRUE,FALSE,FALSE
0576,0576_flickr-4-6-6-1-8-2-5-7-4646618257_2.mp4,TRUE,FALSE,TRUE,FALSE,FALSE
0577,0577_flickr-4-6-6-8-9-2-5-6-23946689256_4.mp4,TRUE,FALSE,FALSE,FALSE,FALSE
0578,0578_flickr-4-6-8-9-0-0-6-2-7946890062_17.mp4,TRUE,FALSE,TRUE,FALSE,FALSE
0579,0579_flickr-4-6-9-7-7-2-5-4-6046977254_12.mp4,TRUE,TRUE,FALSE,TRUE,FALSE
0580,0580_flickr-4-7-1-2-3-5-5-9-6347123559_19.mp4,TRUE,TRUE,FALSE,TRUE,FALSE
0581,0581_flickr-4-7-2-1-3-3-5-4-7347213354_3.mp4,TRUE,FALSE,FALSE,TRUE,FALSE
0582,0582_flickr-4-7-4-2-1-4-5-0-20047421450_1.mp4,TRUE,FALSE,FALSE,FALSE,FALSE
0583,0583_flickr-4-7-5-4-1-0-8-5-11147541085_15.mp4,FALSE,FALSE,TRUE,FALSE,FALSE
0584,0584_flickr-4-7-6-2-6-0-4-0-2947626040_6.mp4,TRUE,TRUE,TRUE,FALSE,FALSE
0585,0585_flickr-4-8-1-0-1-0-5-1-20748101051_2.mp4,TRUE,TRUE,TRUE,TRUE,FALSE
0586,0586_flickr-4-8-7-6475562487_18.mp4,TRUE,TRUE,FALSE,FALSE,FALSE
0587,0587_flickr-4-9-0-3-2-4-7-2-4649032472_3.mp4,TRUE,TRUE,FALSE,TRUE,FALSE
0588,0588_flickr-4-9-1-0-5-9-7-6-3849105976_4.mp4,TRUE,FALSE,FALSE,TRUE,FALSE
0589,0589_flickr-4-9-1-1-4-5-0-7-8849114507_2.mp4,TRUE,FALSE,FALSE,FALSE,FALSE
0590,0590_flickr-4-9-2-4-9-0-9-6-2949249096_23.mp4,TRUE,FALSE,FALSE,FALSE,FALSE
0591,0591_flickr-4-9-2-9111895492_1.mp4,TRUE,TRUE,FALSE,FALSE,FALSE
0592,0592_flickr-4-9-3-3-4-9-1-9-3349334919_4.mp4,TRUE,TRUE,FALSE,TRUE,FALSE
0593,0593_flickr-4-9-4-4-6-8-6-6-18849446866_1.mp4,TRUE,FALSE,TRUE,FALSE,FALSE
0594,0594_flickr-4-9-5-6-3-2-2-1-8749563221_8.mp4,TRUE,FALSE,FALSE,TRUE,FALSE
0595,0595_flickr-4-9-5-6-6-6-4-0-8549566640_7.mp4,TRUE,FALSE,TRUE,FALSE,FALSE
0596,0596_flickr-4-9-6-1-7-1-9-2-2949617192_8.mp4,TRUE,FALSE,TRUE,FALSE,FALSE
0597,0597_flickr-4-9-6-3589026496_2.mp4,TRUE,FALSE,FALSE,TRUE,FALSE
0598,0598_flickr-4-9-6-9737299496_2.mp4,TRUE,TRUE,FALSE,FALSE,FALSE
0599,0599_flickr-4-9-9-2-0-8-6-2-4049920862_34.mp4,TRUE,FALSE,FALSE,FALSE,FALSE
0600,0600_flickr-5-0-0-3-7-5-4-9-8850037549_16.mp4,TRUE,FALSE,TRUE,FALSE,FALSE
0601,0601_flickr-5-0-1-5152849501_55.mp4,TRUE,FALSE,FALSE,TRUE,FALSE
0602,0602_flickr-5-0-1-9-8-5-1-5-26450198515_4.mp4,TRUE,TRUE,TRUE,FALSE,FALSE
0603,0603_flickr-5-0-2-4-2-0-0-0-7450242000_21.mp4,TRUE,FALSE,FALSE,FALSE,FALSE
0604,0604_flickr-5-0-4-1-7-5-9-5-5150417595_7.mp4,TRUE,FALSE,FALSE,TRUE,FALSE
0605,0605_flickr-5-0-5-1-7-4-1-2-2750517412_23.mp4,TRUE,TRUE,FALSE,TRUE,FALSE
0606,0606_flickr-5-0-5-8-9-7-7-0-3450589770_38.mp4,TRUE,TRUE,TRUE,FALSE,FALSE
0607,0607_flickr-5-0-7-3-7-8-4-9-20050737849_11.mp4,TRUE,TRUE,FALSE,FALSE,FALSE
0608,0608_flickr-5-0-7-6-4-9-8-4-4050764984_13.mp4,FALSE,FALSE,TRUE,FALSE,FALSE
0609,0609_flickr-5-0-8-2-3-0-8-6-3350823086_9.mp4,TRUE,FALSE,FALSE,FALSE,FALSE
0610,0610_flickr-5-0-8-8-6-8-9-4-8550886894_2.mp4,TRUE,TRUE,FALSE,FALSE,FALSE
0611,0611_flickr-5-0-8-9-2-3-6-3-3350892363_15_edit.mp4,TRUE,FALSE,FALSE,FALSE,FALSE
0612,0612_flickr-5-1-3-7-3-0-4-0-3151373040_12.mp4,TRUE,FALSE,FALSE,TRUE,FALSE
0613,0613_flickr-5-1-4-5-0-6-7-1-8551450671_8.mp4,TRUE,TRUE,FALSE,FALSE,FALSE
0614,0614_flickr-5-1-5-7-0-3-9-1-14951570391_13.mp4,TRUE,FALSE,TRUE,FALSE,FALSE
0615,0615_flickr-5-1-7-7-8-5-2-2-7351778522_15.mp4,TRUE,TRUE,FALSE,FALSE,FALSE
0616,0616_flickr-5-1-7-8-1-3-7-8-14351781378_2.mp4,TRUE,FALSE,TRUE,TRUE,FALSE
0617,0617_flickr-5-1-8-8-1-9-9-9-14951881999_13.mp4,TRUE,TRUE,FALSE,FALSE,FALSE
0618,0618_flickr-5-1-8-9-4-5-0-6-4551894506_22.mp4,TRUE,FALSE,FALSE,FALSE,FALSE
0619,0619_flickr-5-1-9-5-4-7-6-7-4751954767_87.mp4,TRUE,TRUE,FALSE,FALSE,FALSE
0620,0620_flickr-5-2-1-9-1-4-7-5-6452191475_7.mp4,TRUE,FALSE,FALSE,FALSE,FALSE
0621,0621_flickr-5-2-3-7-4-4-5-9-5452374459_35.mp4,TRUE,TRUE,FALSE,FALSE,FALSE
0622,0622_flickr-5-2-4-4-4-5-4-5-2752444545_4.mp4,TRUE,TRUE,FALSE,TRUE,FALSE
0623,0623_flickr-5-2-5-4-2-9-7-7-8052542977_33.mp4,TRUE,TRUE,FALSE,FALSE,FALSE
0624,0624_flickr-5-2-8-9-7-4-1-5-5352897415_4.mp4,TRUE,FALSE,FALSE,FALSE,FALSE
0625,0625_flickr-5-2-9-9-5-4-1-6-4452995416_6.mp4,TRUE,FALSE,FALSE,TRUE,FALSE
0626,0626_flickr-5-3-3-10202267533_4.mp4,TRUE,TRUE,FALSE,FALSE,FALSE
0627,0627_flickr-5-3-4-2-3-6-6-6-8353423666_1.mp4,FALSE,FALSE,FALSE,TRUE,FALSE
0628,0628_flickr-5-3-4-9-7-8-5-0-3453497850_42.mp4,TRUE,TRUE,FALSE,FALSE,FALSE
0629,0629_flickr-5-3-5-1-6-0-8-8-15953516088_13.mp4,TRUE,TRUE,TRUE,FALSE,FALSE
0630,0630_flickr-5-3-5-7-0-4-7-3-5253570473_4.mp4,TRUE,TRUE,FALSE,FALSE,FALSE
0631,0631_flickr-5-3-6-6-5-9-1-6-5153665916_19.mp4,TRUE,TRUE,FALSE,FALSE,FALSE
0632,0632_flickr-5-3-7-9-4-3-2-4-4353794324_6.mp4,FALSE,FALSE,FALSE,TRUE,FALSE
0633,0633_flickr-5-3-8-3932851538_3.mp4,TRUE,FALSE,FALSE,FALSE,FALSE
0634,0634_flickr-5-4-2-0-4-8-3-1-3554204831_56.mp4,TRUE,TRUE,FALSE,FALSE,FALSE
0635,0635_flickr-5-4-3-9-3-0-0-6-3254393006_9.mp4,TRUE,FALSE,FALSE,FALSE,FALSE
0636,0636_flickr-5-4-4-0-5-6-5-5-8054405655_3.mp4,TRUE,FALSE,TRUE,FALSE,FALSE
0637,0637_flickr-5-4-4-2-4-3-9-4-2554424394_19.mp4,TRUE,TRUE,FALSE,FALSE,FALSE
0638,0638_flickr-5-4-4-4-0-9-2-6-12054440926_113.mp4,TRUE,TRUE,FALSE,FALSE,FALSE
0639,0639_flickr-5-4-4-8-6-3-6-9-15354486369_1.mp4,TRUE,FALSE,FALSE,FALSE,FALSE
0640,0640_flickr-5-4-8-8-9-6-3-3-4454889633_12.mp4,TRUE,TRUE,TRUE,FALSE,FALSE
0641,0641_flickr-5-4-9-5-5-9-2-5-4354955925_9.mp4,TRUE,TRUE,FALSE,FALSE,FALSE
0642,0642_flickr-5-4-9-6-8-3-3-0-5254968330_29.mp4,TRUE,FALSE,FALSE,FALSE,FALSE
0643,0643_flickr-5-5-0-6-7-0-3-5-9155067035_2.mp4,FALSE,FALSE,TRUE,TRUE,FALSE
0644,0644_flickr-5-5-1-2-1-1-0-9-4255121109_4.mp4,TRUE,FALSE,FALSE,TRUE,FALSE
0645,0645_flickr-5-5-2-0-0-6-5-7-6655200657_1.mp4,TRUE,TRUE,FALSE,FALSE,FALSE
0646,0646_flickr-5-5-2-4-1-5-8-8-14255241588_5.mp4,FALSE,FALSE,FALSE,TRUE,FALSE
0647,0647_flickr-5-5-3-7-6-7-0-5-2955376705_11.mp4,TRUE,TRUE,FALSE,TRUE,FALSE
0648,0648_flickr-5-5-4-13308123554_20.mp4,FALSE,FALSE,TRUE,FALSE,FALSE
0649,0649_flickr-5-5-4-4-4-4-3-7-2455444437_14.mp4,TRUE,TRUE,TRUE,FALSE,FALSE
0650,0650_flickr-5-5-4-8-2-0-0-3-6455482003_2.mp4,TRUE,FALSE,TRUE,FALSE,FALSE
0651,0651_flickr-5-5-6-3-5-9-7-7-3855635977_36.mp4,TRUE,FALSE,FALSE,FALSE,FALSE
0652,0652_flickr-5-5-7-0-2-5-1-8-7555702518_5.mp4,TRUE,FALSE,FALSE,FALSE,FALSE
0653,0653_flickr-5-5-7-6-1-9-9-5-4055761995_29.mp4,TRUE,FALSE,TRUE,FALSE,FALSE
0654,0654_flickr-5-6-0-6-6-0-3-1-8156066031_8.mp4,TRUE,TRUE,FALSE,TRUE,FALSE
0655,0655_flickr-5-6-1-9-0-0-9-3-8456190093_44.mp4,TRUE,FALSE,TRUE,FALSE,FALSE
0656,0656_flickr-5-6-3-8-9-9-2-3-4156389923_2.mp4,TRUE,FALSE,TRUE,FALSE,FALSE
0657,0657_flickr-5-6-4-6989037564_35.mp4,TRUE,TRUE,FALSE,TRUE,FALSE
0658,0658_flickr-5-6-5-8-9-7-1-8-4756589718_2.mp4,TRUE,TRUE,FALSE,TRUE,FALSE
0659,0659_flickr-5-6-7-4-0-2-3-9-8856740239_22.mp4,TRUE,TRUE,FALSE,FALSE,FALSE
0660,0660_flickr-5-6-7-9255629567_11_edit.mp4,TRUE,TRUE,FALSE,TRUE,FALSE
0661,0661_flickr-5-6-8-7-7-1-1-3-5356877113_9.mp4,FALSE,FALSE,FALSE,TRUE,FALSE
0662,0662_flickr-5-7-0-6-7-7-0-4-7457067704_11.mp4,TRUE,FALSE,FALSE,FALSE,FALSE
0663,0663_flickr-5-7-1-2-8-4-9-1-8257128491_71.mp4,TRUE,FALSE,FALSE,FALSE,FALSE
0664,0664_flickr-5-7-2-7-6-4-0-0-2457276400_12.mp4,TRUE,TRUE,FALSE,FALSE,FALSE
0665,0665_flickr-5-7-3-1-2-3-5-2-3157312352_6.mp4,TRUE,FALSE,FALSE,TRUE,FALSE
0666,0666_flickr-5-7-5-0-7-7-8-8-20957507788_15.mp4,FALSE,FALSE,FALSE,TRUE,FALSE
0667,0667_flickr-5-7-5-1-6-9-7-1-22357516971_3.mp4,TRUE,FALSE,FALSE,FALSE,FALSE
0668,0668_flickr-5-7-6-2-0-8-5-4-4357620854_2.mp4,TRUE,FALSE,FALSE,FALSE,FALSE
0669,0669_flickr-5-7-6-2-9-6-8-2-4757629682_11.mp4,TRUE,FALSE,FALSE,TRUE,FALSE
0670,0670_flickr-5-7-7-5-4-6-5-8-7657754658_4.mp4,FALSE,FALSE,TRUE,FALSE,FALSE
0671,0671_flickr-5-7-8-5-9-7-7-5-10657859775_33.mp4,TRUE,FALSE,FALSE,FALSE,FALSE
0672,0672_flickr-5-7-8-9-9-9-7-6-12157899976_11.mp4,TRUE,FALSE,FALSE,FALSE,FALSE
0673,0673_flickr-5-8-0-3-5-0-6-6-6058035066_3.mp4,FALSE,FALSE,FALSE,TRUE,FALSE
0674,0674_flickr-5-8-0-9-4-5-0-3-7058094503_11.mp4,TRUE,FALSE,FALSE,FALSE,FALSE
0675,0675_flickr-5-8-1-0-4-9-2-6-9058104926_36.mp4,TRUE,FALSE,FALSE,FALSE,FALSE
0676,0676_flickr-5-8-2-1-4-1-4-4-3058214144_1.mp4,TRUE,TRUE,FALSE,FALSE,FALSE
0677,0677_flickr-5-8-3-1-8-7-2-5-4658318725_12.mp4,TRUE,FALSE,TRUE,FALSE,FALSE
0678,0678_flickr-5-8-3-9-1-7-0-0-4358391700_8.mp4,TRUE,FALSE,FALSE,FALSE,FALSE
0679,0679_flickr-5-8-4-2-3-3-7-9-15958423379_7.mp4,TRUE,TRUE,FALSE,TRUE,FALSE
0680,0680_flickr-5-8-4-6-8-2-6-4-3458468264_8.mp4,FALSE,FALSE,FALSE,TRUE,FALSE
0681,0681_flickr-5-8-4-9-9-9-4-9-4358499949_13.mp4,TRUE,FALSE,FALSE,FALSE,FALSE
0682,0682_flickr-5-8-5-10246196585_2.mp4,TRUE,FALSE,FALSE,TRUE,FALSE
0683,0683_flickr-5-8-5-5-7-1-4-1-2558557141_49.mp4,TRUE,FALSE,TRUE,FALSE,FALSE
0684,0684_flickr-5-8-5-6-0-0-3-1-8758560031_55.mp4,TRUE,TRUE,TRUE,FALSE,FALSE
0685,0685_flickr-5-8-6-6-5-8-2-1-4958665821_12.mp4,TRUE,FALSE,FALSE,FALSE,FALSE
0686,0686_flickr-5-8-7-0-3-2-6-8-3658703268_2.mp4,TRUE,TRUE,FALSE,FALSE,FALSE
0687,0687_flickr-5-8-9-2-8-2-5-3-17858928253_69.mp4,TRUE,FALSE,FALSE,FALSE,FALSE
0688,0688_flickr-5-9-1-1-0-3-4-7-6759110347_27.mp4,TRUE,TRUE,FALSE,TRUE,FALSE
0689,0689_flickr-5-9-1-8-3-4-9-3-24059183493_14.mp4,TRUE,TRUE,FALSE,FALSE,FALSE
0690,0690_flickr-5-9-3-9-5-4-6-4-8659395464_5.mp4,TRUE,TRUE,FALSE,FALSE,FALSE
0691,0691_flickr-5-9-6-3-0-5-7-1-5459630571_4.mp4,TRUE,TRUE,FALSE,FALSE,FALSE
0692,0692_flickr-5-9-7-5-7-7-6-3-2559757763_3.mp4,TRUE,TRUE,FALSE,TRUE,FALSE
0693,0693_flickr-5-9-7-7-1-8-9-6-3859771896_17.mp4,TRUE,FALSE,FALSE,FALSE,FALSE
0694,0694_flickr-5-9-7-8-5-3-1-8-5359785318_14.mp4,TRUE,FALSE,FALSE,FALSE,FALSE
0695,0695_flickr-5-9-8-7-4-6-3-8-7559874638_28.mp4,TRUE,FALSE,TRUE,FALSE,FALSE
0696,0696_flickr-51283549@N02-23064904264_16.mp4,TRUE,FALSE,FALSE,FALSE,FALSE
0697,0697_flickr-6-0-4-0-9-5-0-1-2560409501_7.mp4,TRUE,FALSE,FALSE,FALSE,FALSE
0698,0698_flickr-6-0-7-3-1-6-5-2-8660731652_43.mp4,TRUE,TRUE,FALSE,FALSE,FALSE
0699,0699_flickr-6-0-9-1-3-0-1-3-3560913013_9.mp4,FALSE,FALSE,TRUE,FALSE,FALSE
0700,0700_flickr-6-0-9-4-1-4-4-5-2760941445_8.mp4,FALSE,FALSE,FALSE,FALSE,FALSE
0701,0701_flickr-6-1-4-8-9-0-6-4-3261489064_13.mp4,TRUE,FALSE,TRUE,FALSE,FALSE
0702,0702_flickr-6-2-0-1-7-6-9-4-9362017694_4.mp4,TRUE,TRUE,FALSE,TRUE,FALSE
0703,0703_flickr-6-2-8-5-7-5-8-8-2762857588_38.mp4,TRUE,TRUE,FALSE,FALSE,FALSE
0704,0704_flickr-6-3-1-3-6-8-5-1-2863136851_38.mp4,TRUE,TRUE,TRUE,FALSE,FALSE
0705,0705_flickr-6-3-4-9-8-3-9-6-7463498396_4.mp4,TRUE,FALSE,FALSE,TRUE,FALSE
0706,0706_flickr-6-4-3-6-4-9-1-7-2464364917_1.mp4,TRUE,FALSE,FALSE,TRUE,FALSE
0707,0707_flickr-6-4-4-0-8-9-0-8-3864408908_12.mp4,TRUE,FALSE,FALSE,TRUE,FALSE
0708,0708_flickr-6-4-4-7-1-1-9-6-8864471196_31.mp4,TRUE,TRUE,FALSE,FALSE,FALSE
0709,0709_flickr-6-4-6-5-1-5-9-8-4164651598_57.mp4,TRUE,FALSE,TRUE,FALSE,FALSE
0710,0710_flickr-6-5-0-1-2-9-3-9-2865012939_78.mp4,TRUE,TRUE,FALSE,FALSE,FALSE
0711,0711_flickr-6-5-1-3-5-5-9-3-2765135593_11.mp4,TRUE,FALSE,TRUE,FALSE,FALSE
0712,0712_flickr-6-5-1-5-5-5-6-8-4565155568_13.mp4,TRUE,TRUE,FALSE,FALSE,FALSE
0713,0713_flickr-6-5-5-9-4-4-0-1-3365594401_30.mp4,TRUE,TRUE,TRUE,FALSE,FALSE
0714,0714_flickr-6-5-6-7-3-7-0-8-20565673708_10.mp4,TRUE,FALSE,FALSE,TRUE,FALSE
0715,0715_flickr-6-6-3-2-8-7-4-4-3566328744_18.mp4,FALSE,FALSE,FALSE,TRUE,FALSE
0716,0716_flickr-6-6-3-5-5-6-9-2-25766355692_6.mp4,FALSE,FALSE,TRUE,FALSE,FALSE
0717,0717_flickr-6-6-5-2-7-5-8-4-7866527584_4.mp4,FALSE,FALSE,FALSE,TRUE,FALSE
0718,0718_flickr-6-6-5-8607289665_4_edit.mp4,TRUE,FALSE,FALSE,FALSE,FALSE
0719,0719_flickr-6-6-6-4-4-3-4-3-4366644343_2.mp4,TRUE,TRUE,FALSE,FALSE,FALSE
0720,0720_flickr-6-6-6-4-7-4-5-9-9666647459_2.mp4,TRUE,FALSE,FALSE,TRUE,FALSE
0721,0721_flickr-6-7-0-4-0-7-1-2-25667040712_2.mp4,TRUE,TRUE,FALSE,FALSE,FALSE
0722,0722_flickr-6-7-1-1-2-6-2-3-3667112623_51.mp4,TRUE,TRUE,FALSE,FALSE,FALSE
0723,0723_flickr-6-7-1-8-0-2-1-6-21767180216_28.mp4,TRUE,TRUE,FALSE,FALSE,FALSE
0724,0724_flickr-6-7-3-8-4-2-3-8-3767384238_7.mp4,TRUE,FALSE,TRUE,FALSE,FALSE
0725,0725_flickr-6-7-4-3-7-4-1-8-6967437418_12.mp4,TRUE,FALSE,TRUE,FALSE,FALSE
0726,0726_flickr-6-7-5-1-5-0-1-4-4867515014_2.mp4,TRUE,FALSE,TRUE,FALSE,FALSE
0727,0727_flickr-6-7-8-0-8-8-2-7-4267808827_81.mp4,TRUE,FALSE,FALSE,FALSE,FALSE
0728,0728_flickr-6-8-0-9-2-2-2-3-2468092223_7.mp4,TRUE,TRUE,FALSE,FALSE,FALSE
0729,0729_flickr-6-8-4-0-1-9-4-7-5468401947_37.mp4,TRUE,TRUE,FALSE,FALSE,FALSE
0730,0730_flickr-6-8-4-2-0-1-1-3-12368420113_158.mp4,TRUE,FALSE,FALSE,FALSE,FALSE
0731,0731_flickr-6-8-8-6-7-5-8-2-5568867582_36.mp4,TRUE,FALSE,TRUE,FALSE,FALSE
0732,0732_flickr-6-8-9-9-0-2-0-3-19168990203_2.mp4,TRUE,TRUE,FALSE,TRUE,FALSE
0733,0733_flickr-6-9-0-8-7-0-3-6-18169087036_4.mp4,TRUE,FALSE,FALSE,TRUE,FALSE
0734,0734_flickr-6-9-2-8-4-2-2-7-6669284227_51.mp4,TRUE,TRUE,FALSE,TRUE,FALSE
0735,0735_flickr-6-9-3-8-3-6-4-5-5869383645_1.mp4,TRUE,TRUE,TRUE,FALSE,FALSE
0736,0736_flickr-6-9-4-3-0-2-6-6-2869430266_26.mp4,TRUE,FALSE,FALSE,TRUE,FALSE
0737,0737_flickr-6-9-5-1-2-3-5-1-6869512351_8.mp4,TRUE,FALSE,FALSE,FALSE,FALSE
0738,0738_flickr-6-9-5-3-7-3-5-6-5469537356_55.mp4,TRUE,FALSE,TRUE,FALSE,FALSE
0739,0739_flickr-7-0-3-8-4-6-7-0-5870384670_9.mp4,TRUE,TRUE,FALSE,FALSE,FALSE
0740,0740_flickr-7-0-4-0-7-1-5-2-17370407152_4.mp4,TRUE,FALSE,FALSE,FALSE,FALSE
0741,0741_flickr-7-0-5-1-4-0-9-6-17370514096_4.mp4,FALSE,FALSE,FALSE,TRUE,FALSE
0742,0742_flickr-7-0-5-4-0-7-7-1-4670540771_81.mp4,TRUE,FALSE,FALSE,TRUE,FALSE
0743,0743_flickr-7-0-9-2-0-7-8-2-15270920782_46.mp4,TRUE,FALSE,FALSE,FALSE,FALSE
0744,0744_flickr-7-1-0-0-6-9-2-0-2471006920_7.mp4,TRUE,FALSE,TRUE,FALSE,FALSE
0745,0745_flickr-7-1-0-0-9-7-3-3-14571009733_1.mp4,TRUE,FALSE,FALSE,FALSE,FALSE
0746,0746_flickr-7-1-2-9-1-9-8-8-4671291988_6.mp4,TRUE,FALSE,TRUE,FALSE,FALSE
0747,0747_flickr-7-1-6-8-2-8-4-5-6271682845_16.mp4,TRUE,FALSE,FALSE,FALSE,FALSE
0748,0748_flickr-7-2-1-2-5-5-4-7-3272125547_3.mp4,TRUE,TRUE,FALSE,TRUE,FALSE
0749,0749_flickr-7-2-1-5-8-7-0-3-3072158703_40.mp4,TRUE,TRUE,FALSE,FALSE,FALSE
0750,0750_flickr-7-2-1-7-2-3-6-6-4872172366_20.mp4,TRUE,TRUE,FALSE,FALSE,FALSE
0751,0751_flickr-7-2-3-1-9-3-4-5-5072319345_33.mp4,TRUE,TRUE,FALSE,FALSE,FALSE
0752,0752_flickr-7-2-4-9-4-1-2-2-3372494122_13.mp4,TRUE,TRUE,FALSE,FALSE,FALSE
0753,0753_flickr-7-2-5-3-9-6-4-1-3772539641_4.mp4,TRUE,FALSE,TRUE,FALSE,FALSE
0754,0754_flickr-7-2-5-7-9-7-7-5-4472579775_6.mp4,FALSE,FALSE,TRUE,FALSE,FALSE
0755,0755_flickr-7-2-7-9-3-7-9-9-3272793799_6.mp4,TRUE,FALSE,FALSE,FALSE,FALSE
0756,0756_flickr-7-2-8-9-9-5-8-2-6272899582_36.mp4,TRUE,TRUE,TRUE,FALSE,FALSE
0757,0757_flickr-7-2-9-0-0-9-3-0-3972900930_25.mp4,TRUE,TRUE,TRUE,FALSE,FALSE
0758,0758_flickr-7-3-1-8-7-2-9-3-5073187293_6.mp4,FALSE,FALSE,TRUE,FALSE,FALSE
0759,0759_flickr-7-3-1-8-7-6-3-3-3573187633_13.mp4,TRUE,FALSE,TRUE,FALSE,FALSE
0760,0760_flickr-7-3-2-2-2-3-9-8-3173222398_1.mp4,TRUE,TRUE,FALSE,FALSE,FALSE
0761,0761_flickr-7-3-3-6-4-9-2-8-8373364928_15.mp4,TRUE,FALSE,FALSE,TRUE,FALSE
0762,0762_flickr-7-3-3-7-5-9-2-3-3873375923_22.mp4,TRUE,FALSE,TRUE,FALSE,FALSE
0763,0763_flickr-7-3-4-1-3-5-4-6-4673413546_4.mp4,TRUE,TRUE,FALSE,TRUE,FALSE
0764,0764_flickr-7-3-5-7-1-6-9-3-4773571693_5.mp4,TRUE,FALSE,FALSE,FALSE,FALSE
0765,0765_flickr-7-3-6-8-4-4-4-3-5573684443_19.mp4,TRUE,TRUE,FALSE,FALSE,FALSE
0766,0766_flickr-7-3-7-1-4-6-0-3-5673714603_5.mp4,TRUE,TRUE,FALSE,FALSE,FALSE
0767,0767_flickr-7-3-8-5-3-5-9-5-3573853595_5.mp4,TRUE,TRUE,TRUE,FALSE,FALSE
0768,0768_flickr-7-3-9-0-8-1-0-9-21873908109_37.mp4,FALSE,FALSE,TRUE,FALSE,FALSE
0769,0769_flickr-7-3-9-7-0-0-9-8-3373970098_1.mp4,TRUE,FALSE,FALSE,FALSE,FALSE
0770,0770_flickr-7-4-2-6-7-4-4-7-8474267447_52.mp4,FALSE,FALSE,TRUE,FALSE,FALSE
0771,0771_flickr-7-4-2-8-4-6-5-3-5674284653_24.mp4,TRUE,TRUE,TRUE,FALSE,FALSE
0772,0772_flickr-7-4-3-7085402743_61.mp4,TRUE,TRUE,FALSE,FALSE,FALSE
0773,0773_flickr-7-4-4-5-8-9-9-8-2974458998_13.mp4,TRUE,FALSE,TRUE,FALSE,FALSE
0774,0774_flickr-7-4-4-7-4-4-5-6-4374474456_5.mp4,TRUE,TRUE,TRUE,FALSE,FALSE
0775,0775_flickr-7-4-4-9-1-4-5-9-4474491459_26.mp4,TRUE,FALSE,TRUE,FALSE,FALSE
0776,0776_flickr-7-4-6-4-3-2-3-7-3374643237_41.mp4,TRUE,FALSE,TRUE,FALSE,FALSE
0777,0777_flickr-7-4-6-7-4-7-9-3-12574674793_14.mp4,TRUE,TRUE,FALSE,TRUE,FALSE
0778,0778_flickr-7-4-6-8-3-5-4-7-5674683547_1.mp4,TRUE,FALSE,FALSE,TRUE,FALSE
0779,0779_flickr-7-4-6-9-4-0-3-4-2874694034_3.mp4,TRUE,FALSE,FALSE,TRUE,FALSE
0780,0780_flickr-7-4-7-1-1-7-2-0-4974711720_67.mp4,TRUE,TRUE,TRUE,FALSE,FALSE
0781,0781_flickr-7-4-8-9-7-8-7-8-4974897878_5.mp4,TRUE,FALSE,TRUE,FALSE,FALSE
0782,0782_flickr-7-4-9-4-2-8-6-0-4474942860_37.mp4,TRUE,TRUE,TRUE,FALSE,FALSE
0783,0783_flickr-7-4-9-7-1-8-2-2-4174971822_15.mp4,TRUE,TRUE,FALSE,FALSE,FALSE
0784,0784_flickr-7-4-9-8-3-1-1-4-2674983114_6.mp4,FALSE,TRUE,FALSE,FALSE,FALSE
0785,0785_flickr-7-5-0-9-7-1-8-4-6775097184_8.mp4,TRUE,TRUE,TRUE,FALSE,FALSE
0786,0786_flickr-7-5-1-2-1-4-4-9-14375121449_39.mp4,TRUE,TRUE,TRUE,FALSE,FALSE
0787,0787_flickr-7-5-1-3-3-0-6-2-3075133062_18.mp4,TRUE,FALSE,FALSE,FALSE,FALSE
0788,0788_flickr-7-5-3-0-4-7-5-0-2975304750_79.mp4,TRUE,FALSE,TRUE,FALSE,FALSE
0789,0789_flickr-7-5-3-6-0-0-7-9-6575360079_13.mp4,TRUE,TRUE,FALSE,FALSE,FALSE
0790,0790_flickr-7-5-4-8-2-4-6-0-2675482460_6.mp4,TRUE,FALSE,FALSE,FALSE,FALSE
0791,0791_flickr-7-5-4-8-5-9-8-3-2975485983_2.mp4,TRUE,FALSE,FALSE,FALSE,FALSE
0792,0792_flickr-7-5-4-8109762754_37.mp4,TRUE,TRUE,FALSE,FALSE,FALSE
0793,0793_flickr-7-5-6-1-8-1-8-7-15975618187_24.mp4,TRUE,TRUE,FALSE,FALSE,FALSE
0794,0794_flickr-7-5-7-3-0-0-5-1-20675730051_8.mp4,TRUE,FALSE,FALSE,FALSE,FALSE
0795,0795_flickr-7-5-7-9-7-6-0-5-2775797605_29.mp4,TRUE,TRUE,FALSE,FALSE,FALSE
0796,0796_flickr-7-6-1-0-2-8-6-4-3876102864_32.mp4,TRUE,FALSE,FALSE,TRUE,FALSE
0797,0797_flickr-7-6-3-8-0-8-0-4-4976380804_2.mp4,TRUE,TRUE,FALSE,FALSE,FALSE
0798,0798_flickr-7-6-5-2659065765_4.mp4,TRUE,TRUE,TRUE,FALSE,FALSE
0799,0799_flickr-7-6-7-0-7-4-5-4-13676707454_41.mp4,TRUE,TRUE,FALSE,FALSE,FALSE
0800,0800_flickr-7-6-8-6-5-1-3-3-2976865133_11.mp4,TRUE,TRUE,TRUE,FALSE,FALSE
0801,0801_flickr-7-6-8-6-8-0-1-4-4776868014_18.mp4,TRUE,FALSE,TRUE,FALSE,FALSE
0802,0802_flickr-7-7-1-9-1-6-1-7-2777191617_17.mp4,TRUE,FALSE,FALSE,FALSE,FALSE
0803,0803_flickr-7-7-1-9-7-4-8-1-2877197481_36.mp4,TRUE,FALSE,FALSE,FALSE,FALSE
0804,0804_flickr-7-7-2-3-6-1-4-2-4577236142_6.mp4,FALSE,FALSE,FALSE,TRUE,FALSE
0805,0805_flickr-7-7-6-9-0-4-6-9-6077690469_72.mp4,TRUE,TRUE,FALSE,FALSE,FALSE
0806,0806_flickr-7-7-7-3-7-7-9-9-3477737799_2.mp4,TRUE,FALSE,FALSE,FALSE,FALSE
0807,0807_flickr-7-7-8-8-3-9-1-1-6877883911_78.mp4,TRUE,TRUE,FALSE,FALSE,FALSE
0808,0808_flickr-7-7-9-1-4-0-6-3-9577914063_2.mp4,TRUE,TRUE,TRUE,FALSE,FALSE
0809,0809_flickr-7-7-9-6-0-1-7-7-9577960177_3.mp4,TRUE,FALSE,FALSE,FALSE,FALSE
0810,0810_flickr-7-8-0-2-4-7-2-6-24478024726_43.mp4,TRUE,TRUE,FALSE,FALSE,FALSE
0811,0811_flickr-7-8-0-6-3-9-2-0-4878063920_7.mp4,FALSE,FALSE,TRUE,FALSE,FALSE
0812,0812_flickr-7-8-0-9-1-0-0-0-2678091000_3.mp4,TRUE,TRUE,FALSE,FALSE,FALSE
0813,0813_flickr-7-8-1-0-6-6-1-4-2578106614_9.mp4,TRUE,TRUE,TRUE,FALSE,FALSE
0814,0814_flickr-7-8-1-6-9-7-7-7-6578169777_34.mp4,TRUE,TRUE,FALSE,TRUE,FALSE
0815,0815_flickr-7-8-2-0-8-9-8-7-5278208987_13.mp4,TRUE,FALSE,FALSE,FALSE,FALSE
0816,0816_flickr-7-8-2-4-2-8-5-6-6078242856_41.mp4,TRUE,TRUE,FALSE,FALSE,FALSE
0817,0817_flickr-7-8-3-3-5-9-9-4-4378335994_19.mp4,TRUE,TRUE,FALSE,FALSE,FALSE
0818,0818_flickr-7-8-3-5-4-5-0-8-3378354508_7.mp4,TRUE,FALSE,FALSE,FALSE,FALSE
0819,0819_flickr-7-8-5-8-5-9-8-9-5878585989_16.mp4,FALSE,FALSE,TRUE,TRUE,FALSE
0820,0820_flickr-7-8-6-0-9-1-3-9-4078609139_13.mp4,TRUE,TRUE,FALSE,FALSE,FALSE
0821,0821_flickr-7-8-6-6-8-9-1-8-2678668918_16.mp4,TRUE,TRUE,TRUE,FALSE,FALSE
0822,0822_flickr-7-8-6-9-4-4-0-0-7578694400_52.mp4,TRUE,TRUE,FALSE,FALSE,FALSE
0823,0823_flickr-7-8-7-2-1-4-7-4-3378721474_30.mp4,TRUE,FALSE,FALSE,FALSE,FALSE
0824,0824_flickr-7-8-7-4-1-9-8-4-6178741984_38.mp4,TRUE,FALSE,FALSE,FALSE,FALSE
0825,0825_flickr-7-8-8-5-6-6-1-7-8078856617_4.mp4,TRUE,TRUE,TRUE,FALSE,FALSE
0826,0826_flickr-7-8-9-2-6-1-1-5-3878926115_30.mp4,TRUE,FALSE,TRUE,TRUE,FALSE
0827,0827_flickr-7-9-2-8-1-5-5-0-7579281550_84.mp4,TRUE,TRUE,TRUE,FALSE,FALSE
0828,0828_flickr-7-9-3-11957169793_5_edit.mp4,TRUE,FALSE,FALSE,TRUE,FALSE
0829,0829_flickr-7-9-4-5065721794_17.mp4,FALSE,FALSE,FALSE,TRUE,FALSE
0830,0830_flickr-7-9-4-7-4-5-0-9-8179474509_17.mp4,TRUE,TRUE,FALSE,TRUE,FALSE
0831,0831_flickr-7-9-6-1-1-9-6-8-17879611968_8.mp4,TRUE,FALSE,FALSE,TRUE,FALSE
0832,0832_flickr-7-9-6-9-8-4-3-7-6279698437_3.mp4,TRUE,FALSE,TRUE,FALSE,FALSE
0833,0833_flickr-7-9-8-3-1-0-8-0-3579831080_24.mp4,TRUE,FALSE,FALSE,TRUE,FALSE
0834,0834_flickr-7-9-8-5-2-1-4-3-23379852143_2.mp4,TRUE,TRUE,TRUE,FALSE,FALSE
0835,0835_flickr-7-9-9-5-6-4-0-6-4479956406_5.mp4,TRUE,FALSE,TRUE,TRUE,FALSE
0836,0836_flickr-7-9-9-9-0-9-4-8-3779990948_37.mp4,TRUE,TRUE,TRUE,TRUE,FALSE
0837,0837_flickr-8-0-1-0-5-1-6-4-4380105164_6.mp4,FALSE,FALSE,TRUE,FALSE,FALSE
0838,0838_flickr-8-0-1-1-0-5-9-8-3380110598_14.mp4,FALSE,FALSE,TRUE,FALSE,FALSE
0839,0839_flickr-8-0-1-1-0-9-6-3-4480110963_24.mp4,TRUE,TRUE,TRUE,TRUE,FALSE
0840,0840_flickr-8-0-2-1-2-6-3-1-17180212631_31.mp4,FALSE,FALSE,TRUE,TRUE,FALSE
0841,0841_flickr-8-0-4-3-2-1-2-7-3480432127_7.mp4,FALSE,FALSE,TRUE,FALSE,FALSE
0842,0842_flickr-8-0-7-0-2-3-6-0-9580702360_2.mp4,TRUE,TRUE,TRUE,TRUE,FALSE
0843,0843_flickr-8-0-8-7-4-1-8-8-3980874188_14.mp4,FALSE,FALSE,TRUE,TRUE,FALSE
0844,0844_flickr-8-0-9-3-5-9-3-4-3380935934_25.mp4,TRUE,FALSE,TRUE,TRUE,FALSE
0845,0845_flickr-8-1-1-5-8-1-8-8-2481158188_1.mp4,TRUE,FALSE,TRUE,TRUE,FALSE
0846,0846_flickr-8-1-2-1-7-4-6-1-3881217461_23.mp4,TRUE,FALSE,TRUE,FALSE,FALSE
0847,0847_flickr-8-1-3-0-5-8-1-3-3381305813_2.mp4,TRUE,TRUE,FALSE,TRUE,FALSE
0848,0848_flickr-8-1-4-6-7-9-1-2-2481467912_11.mp4,TRUE,FALSE,TRUE,TRUE,FALSE
0849,0849_flickr-8-1-6-8-1-5-1-5-16881681515_2.mp4,FALSE,FALSE,TRUE,TRUE,FALSE
0850,0850_flickr-8-1-8-7-7-1-0-9-3281877109_27.mp4,FALSE,FALSE,TRUE,TRUE,FALSE
0851,0851_flickr-8-1-9-6-8-6-4-8-4481968648_38.mp4,TRUE,FALSE,TRUE,FALSE,FALSE
0852,0852_flickr-8-2-1-3-6-7-3-4-4682136734_23.mp4,FALSE,FALSE,TRUE,TRUE,FALSE
0853,0853_flickr-8-2-1-5-6-5-7-0-4882156570_11.mp4,TRUE,FALSE,TRUE,TRUE,FALSE
0854,0854_flickr-8-2-1-7-0-3-0-7-2582170307_11.mp4,TRUE,TRUE,TRUE,FALSE,FALSE
0855,0855_flickr-8-2-1-7-6-1-3-2-4582176132_22.mp4,TRUE,TRUE,FALSE,TRUE,FALSE
0856,0856_flickr-8-2-2-5-2-1-8-0-14182252180_49.mp4,TRUE,FALSE,TRUE,FALSE,FALSE
0857,0857_flickr-8-2-2-6-5-0-1-5-2782265015_1.mp4,TRUE,FALSE,TRUE,TRUE,FALSE
0858,0858_flickr-8-2-3-0-5-3-4-8-2982305348_2.mp4,TRUE,FALSE,TRUE,TRUE,FALSE
0859,0859_flickr-8-2-3-1-3-8-7-6-24782313876_9.mp4,FALSE,FALSE,TRUE,TRUE,FALSE
0860,0860_flickr-8-2-6-0-5-2-9-6-4682605296_38.mp4,TRUE,TRUE,TRUE,TRUE,FALSE
0861,0861_flickr-8-2-9-4-7-6-6-9-24682947669_35.mp4,TRUE,FALSE,TRUE,TRUE,FALSE
0862,0862_flickr-8-3-0-2-9-8-0-2-17483029802_8.mp4,TRUE,FALSE,TRUE,TRUE,FALSE
0863,0863_flickr-8-3-2-7-7-7-0-6-9383277706_3.mp4,TRUE,FALSE,TRUE,TRUE,FALSE
0864,0864_flickr-8-3-4-10548149834_25.mp4,FALSE,FALSE,TRUE,TRUE,FALSE
0865,0865_flickr-8-3-5-9001905835_2.mp4,TRUE,TRUE,TRUE,TRUE,FALSE
0866,0866_flickr-8-3-6-4-2-8-6-5-25683642865_13.mp4,FALSE,FALSE,TRUE,FALSE,FALSE
0867,0867_flickr-8-3-7-8-6-6-6-1-4383786661_22.mp4,TRUE,TRUE,FALSE,FALSE,FALSE
0868,0868_flickr-8-3-9-7-4-3-7-3-7183974373_3.mp4,TRUE,FALSE,TRUE,TRUE,FALSE
0869,0869_flickr-8-4-0-0-6-2-0-8-15384006208_15.mp4,TRUE,FALSE,TRUE,TRUE,FALSE
0870,0870_flickr-8-4-1-1-6-6-3-4-4184116634_7.mp4,TRUE,TRUE,TRUE,TRUE,FALSE
0871,0871_flickr-8-4-2-3-1-4-8-5-5784231485_5.mp4,TRUE,FALSE,TRUE,TRUE,FALSE
0872,0872_flickr-8-4-4-0-2-8-1-4-10584402814_128.mp4,TRUE,FALSE,TRUE,FALSE,FALSE
0873,0873_flickr-8-4-4-7-0-3-6-4-4784470364_4.mp4,TRUE,FALSE,TRUE,TRUE,FALSE
0874,0874_flickr-8-4-5-0-4-6-1-5-24584504615_11.mp4,TRUE,FALSE,TRUE,FALSE,FALSE
0875,0875_flickr-8-5-5-13084298855_5.mp4,TRUE,FALSE,TRUE,TRUE,FALSE
0876,0876_flickr-8-5-5-2-7-9-6-9-18385527969_7.mp4,FALSE,FALSE,TRUE,FALSE,FALSE
0877,0877_flickr-8-6-0-1-1-5-1-0-26286011510_23.mp4,TRUE,TRUE,TRUE,TRUE,FALSE
0878,0878_flickr-8-6-1-5-2-3-5-7-3286152357_3.mp4,TRUE,FALSE,TRUE,TRUE,FALSE
0879,0879_flickr-8-6-1-9-2-9-2-5-15886192925_5.mp4,TRUE,FALSE,FALSE,TRUE,FALSE
0880,0880_flickr-8-6-2-4-3-6-0-7-3586243607_28.mp4,FALSE,FALSE,FALSE,TRUE,FALSE
0881,0881_flickr-8-6-2-4-3-7-2-8-5186243728_6.mp4,TRUE,FALSE,TRUE,TRUE,FALSE
0882,0882_flickr-8-6-3-0-0-6-4-4-11986300644_19.mp4,FALSE,FALSE,TRUE,FALSE,FALSE
0883,0883_flickr-8-6-5-6-2-8-3-6-6286562836_8.mp4,TRUE,TRUE,TRUE,TRUE,FALSE
0884,0884_flickr-8-6-7-7-7-5-4-0-4586777540_6.mp4,FALSE,FALSE,TRUE,FALSE,FALSE
0885,0885_flickr-8-6-9-6417563869_3.mp4,TRUE,FALSE,FALSE,TRUE,FALSE
0886,0886_flickr-8-7-1-9-9-3-6-2-9687199362_42.mp4,FALSE,FALSE,TRUE,FALSE,FALSE
0887,0887_flickr-8-7-2-8-3-4-5-5-11987283455_4.mp4,TRUE,FALSE,FALSE,TRUE,FALSE
0888,0888_flickr-8-7-3-0-2-6-1-3-3987302613_9.mp4,FALSE,FALSE,TRUE,FALSE,FALSE
0889,0889_flickr-8-7-7-4-7-7-7-8-4487747778_16.mp4,TRUE,TRUE,TRUE,FALSE,FALSE
0890,0890_flickr-8-8-3-4-2-4-0-2-3588342402_22.mp4,FALSE,FALSE,TRUE,TRUE,FALSE
0891,0891_flickr-8-8-4-1-9-1-1-6-25888419116_36.mp4,TRUE,FALSE,FALSE,TRUE,FALSE
0892,0892_flickr-8-8-4-5-5-8-2-6-2788455826_26.mp4,TRUE,FALSE,FALSE,TRUE,FALSE
0893,0893_flickr-8-8-4-7566759884_4.mp4,FALSE,FALSE,TRUE,TRUE,FALSE
0894,0894_flickr-8-8-6-0-4-7-2-8-8288604728_14.mp4,TRUE,FALSE,TRUE,TRUE,FALSE
0895,0895_flickr-8-8-7-5-0-3-9-2-6188750392_1.mp4,TRUE,TRUE,TRUE,TRUE,FALSE
0896,0896_flickr-8-9-2-1-2-4-6-3-3189212463_7.mp4,FALSE,FALSE,TRUE,FALSE,FALSE
0897,0897_flickr-8-9-2-1-8-4-0-8-7189218408_13.mp4,FALSE,FALSE,TRUE,FALSE,FALSE
0898,0898_flickr-8-9-3-8-6-5-9-2-4489386592_65.mp4,TRUE,FALSE,TRUE,TRUE,FALSE
0899,0899_flickr-8-9-4-9-6-6-6-4-2689496664_6.mp4,TRUE,FALSE,FALSE,TRUE,FALSE
0900,0900_flickr-8-9-5-1-8-5-7-3-9289518573_3.mp4,TRUE,FALSE,FALSE,TRUE,FALSE
0901,0901_flickr-8-9-5-10477544895_6.mp4,TRUE,TRUE,TRUE,TRUE,FALSE
0902,0902_flickr-8-9-5-3-6-6-4-4-3189536644_14.mp4,TRUE,FALSE,TRUE,FALSE,FALSE
0903,0903_flickr-8-9-5-8-8-1-7-2-8389588172_9.mp4,FALSE,FALSE,TRUE,TRUE,FALSE
0904,0904_flickr-8-9-7-1-0-3-7-4-13089710374_7.mp4,TRUE,FALSE,FALSE,TRUE,FALSE
0905,0905_flickr-8-9-8-1-4-4-5-1-5589814451_5.mp4,TRUE,FALSE,FALSE,TRUE,FALSE
0906,0906_flickr-9-0-0-9-5-2-2-6-4790095226_3.mp4,TRUE,FALSE,FALSE,TRUE,FALSE
0907,0907_flickr-9-0-2-3-3-0-6-9-2890233069_1.mp4,TRUE,FALSE,FALSE,TRUE,FALSE
0908,0908_flickr-9-0-3-6-1-8-1-9-3090361819_20.mp4,TRUE,FALSE,FALSE,TRUE,FALSE
0909,0909_flickr-9-0-3-8574502903_1.mp4,TRUE,FALSE,TRUE,TRUE,FALSE
0910,0910_flickr-9-1-0-0-5-4-4-1-25691005441_35.mp4,TRUE,FALSE,TRUE,TRUE,FALSE
0911,0911_flickr-9-1-0-5-3-3-4-5-3891053345_1.mp4,FALSE,FALSE,TRUE,FALSE,FALSE
0912,0912_flickr-9-1-1-1-1-7-4-2-5591111742_54.mp4,TRUE,TRUE,FALSE,TRUE,FALSE
0913,0913_flickr-9-1-1-5-1-5-5-0-3691151550_44.mp4,TRUE,FALSE,TRUE,FALSE,FALSE
0914,0914_flickr-9-1-1-7-7-0-9-7-3591177097_3.mp4,TRUE,FALSE,FALSE,TRUE,FALSE
0915,0915_flickr-9-1-4-0-1-5-8-6-2891401586_5.mp4,TRUE,FALSE,FALSE,TRUE,FALSE
0916,0916_flickr-9-1-4-7-1-8-1-3-25791471813_4_edit.mp4,TRUE,FALSE,TRUE,TRUE,FALSE
0917,0917_flickr-9-1-8-6-2-0-6-5-24891862065_3.mp4,FALSE,FALSE,FALSE,TRUE,FALSE
0918,0918_flickr-9-1-8-8-4-4-1-3-5991884413_4.mp4,FALSE,FALSE,TRUE,TRUE,FALSE
0919,0919_flickr-9-2-0-5-8-5-1-1-8592058511_9.mp4,TRUE,FALSE,TRUE,TRUE,FALSE
0920,0920_flickr-9-2-3-5-8-7-1-5-13792358715_14.mp4,TRUE,TRUE,FALSE,TRUE,FALSE
0921,0921_flickr-9-2-4-0-3-6-2-4-4492403624_7.mp4,TRUE,FALSE,TRUE,TRUE,FALSE
0922,0922_flickr-9-2-4-4-9-6-1-7-2792449617_10.mp4,TRUE,FALSE,TRUE,TRUE,FALSE
0923,0923_flickr-9-2-5-2-9-6-5-1-3992529651_19.mp4,TRUE,TRUE,TRUE,FALSE,FALSE
0924,0924_flickr-9-2-7-3-7-5-7-2-4792737572_5.mp4,FALSE,FALSE,TRUE,TRUE,FALSE
0925,0925_flickr-9-2-9-8-6-6-4-9-3392986649_31.mp4,TRUE,FALSE,TRUE,TRUE,FALSE
0926,0926_flickr-9-3-1-7-6-3-2-5-3393176325_57.mp4,TRUE,FALSE,TRUE,TRUE,FALSE
0927,0927_flickr-9-3-2-1-5-2-2-9-20893215229_1.mp4,TRUE,FALSE,TRUE,FALSE,FALSE
0928,0928_flickr-9-3-2-7-6-4-5-1-4593276451_14.mp4,FALSE,FALSE,TRUE,FALSE,FALSE
0929,0929_flickr-9-3-4-0-2-1-0-5-14493402105_12.mp4,FALSE,FALSE,TRUE,FALSE,FALSE
0930,0930_flickr-9-3-4-12460635934_15.mp4,FALSE,FALSE,TRUE,TRUE,FALSE
0931,0931_flickr-9-3-4-2-0-8-2-1-5093420821_17.mp4,FALSE,FALSE,TRUE,TRUE,FALSE
0932,0932_flickr-9-3-6-5-1-4-7-6-9493651476_5.mp4,TRUE,FALSE,TRUE,TRUE,FALSE
0933,0933_flickr-9-3-7-9-4-7-7-2-15393794772_6.mp4,TRUE,FALSE,TRUE,FALSE,FALSE
0934,0934_flickr-9-3-9-4-2-5-1-5-11093942515_6.mp4,TRUE,TRUE,TRUE,TRUE,FALSE
0935,0935_flickr-9-4-0-7-2-3-0-3-4694072303_25.mp4,TRUE,FALSE,FALSE,TRUE,FALSE
0936,0936_flickr-9-4-4-2-1-5-0-3-20294421503_130.mp4,FALSE,FALSE,TRUE,FALSE,FALSE
0937,0937_flickr-9-4-9-1-1-3-6-8-2594911368_4.mp4,TRUE,TRUE,TRUE,TRUE,FALSE
0938,0938_flickr-9-5-3-1-5-9-9-0-5395315990_9.mp4,TRUE,FALSE,TRUE,TRUE,FALSE
0939,0939_flickr-9-5-4-2-1-6-4-6-5295421646_4.mp4,TRUE,FALSE,TRUE,TRUE,FALSE
0940,0940_flickr-9-5-6-4-5-6-3-1-2695645631_3.mp4,TRUE,FALSE,FALSE,TRUE,FALSE
0941,0941_flickr-9-5-7-0-0-2-4-1-6695700241_9.mp4,TRUE,FALSE,TRUE,TRUE,FALSE
0942,0942_flickr-9-6-0-2-5-6-9-9-2796025699_8.mp4,TRUE,FALSE,FALSE,TRUE,FALSE
0943,0943_flickr-9-6-0-4-3-0-1-9-5996043019_32.mp4,TRUE,FALSE,TRUE,TRUE,FALSE
0944,0944_flickr-9-6-1-8-7-5-8-2-21596187582_1.mp4,TRUE,FALSE,TRUE,TRUE,FALSE
0945,0945_flickr-9-6-2-2-4-0-0-3-9496224003_33.mp4,TRUE,TRUE,TRUE,TRUE,FALSE
0946,0946_flickr-9-6-3-2-0-2-1-6-4096320216_12.mp4,FALSE,FALSE,TRUE,TRUE,FALSE
0947,0947_flickr-9-6-4-2-0-5-4-6-16596420546_1.mp4,TRUE,FALSE,TRUE,FALSE,FALSE
0948,0948_flickr-9-6-6-8-4-5-2-2-3496684522_27.mp4,TRUE,FALSE,TRUE,FALSE,FALSE
0949,0949_flickr-9-6-7-7-1-7-6-8-3196771768_6.mp4,FALSE,FALSE,TRUE,FALSE,FALSE
0950,0950_flickr-9-6-8-4-1-9-2-4-16596841924_5_edit.mp4,TRUE,FALSE,FALSE,TRUE,FALSE
0951,0951_flickr-9-6-9-1-5-6-2-6-3696915626_7.mp4,TRUE,FALSE,FALSE,TRUE,FALSE
0952,0952_flickr-9-7-1-3-2-0-9-6-19197132096_5.mp4,TRUE,FALSE,TRUE,TRUE,FALSE
0953,0953_flickr-9-7-2-5-3-5-3-1-14097253531_9.mp4,FALSE,FALSE,TRUE,TRUE,FALSE
0954,0954_flickr-9-7-7-0-2-7-1-1-16797702711_7.mp4,TRUE,FALSE,FALSE,TRUE,FALSE
0955,0955_flickr-9-7-7-2-6-3-9-6-23797726396_84.mp4,TRUE,FALSE,TRUE,TRUE,FALSE
0956,0956_flickr-9-8-0-8-1-3-5-1-6098081351_23.mp4,FALSE,FALSE,TRUE,TRUE,FALSE
0957,0957_flickr-9-8-1-0-4-2-9-8-6198104298_23.mp4,TRUE,FALSE,TRUE,FALSE,FALSE
0958,0958_flickr-9-8-1-1-9-9-3-0-8398119930_18.mp4,TRUE,TRUE,TRUE,TRUE,FALSE
0959,0959_flickr-9-8-3-9-4-3-1-0-7798394310_2.mp4,FALSE,FALSE,FALSE,TRUE,FALSE
0960,0960_flickr-9-8-4-9-4-0-5-4-2698494054_5.mp4,TRUE,FALSE,TRUE,FALSE,FALSE
0961,0961_flickr-9-8-5-4-2-6-5-0-9298542650_11.mp4,TRUE,TRUE,FALSE,TRUE,FALSE
0962,0962_flickr-9-8-5-8-8-1-3-8-4898588138_25.mp4,FALSE,FALSE,TRUE,FALSE,FALSE
0963,0963_flickr-9-8-6-1-9-3-7-2-20198619372_1_edit.mp4,TRUE,TRUE,TRUE,TRUE,FALSE
0964,0964_flickr-9-9-0-7-9-9-1-3-9999079913_39.mp4,FALSE,FALSE,FALSE,TRUE,FALSE
0965,0965_flickr-9-9-4-3-1-1-8-0-6799431180_6.mp4,FALSE,FALSE,TRUE,TRUE,FALSE
0966,0966_flickr-9-9-4-4-2-7-9-4-6799442794_1.mp4,FALSE,FALSE,TRUE,TRUE,FALSE
0967,0967_flickr-alexik-3583090880_25.mp4,TRUE,FALSE,TRUE,TRUE,FALSE
0968,0968_flickr-benjerin-2869585008_5.mp4,TRUE,FALSE,TRUE,TRUE,FALSE
0969,0969_flickr-eagledriverwanted-5261541036_34.mp4,FALSE,FALSE,TRUE,FALSE,FALSE
0970,0970_flickr-ellenich-3144310431_2.mp4,FALSE,FALSE,TRUE,TRUE,FALSE
0971,0971_flickr-joschmaltz-4154881329_9.mp4,FALSE,FALSE,TRUE,TRUE,FALSE
0972,0972_flickr-kevinharbin-2968738804_3.mp4,TRUE,FALSE,FALSE,TRUE,FALSE
0973,0973_flickr-m-16-3126631046_10.mp4,TRUE,FALSE,FALSE,TRUE,FALSE
0974,0974_flickr-shlaci-5896767077_21.mp4,TRUE,FALSE,TRUE,TRUE,FALSE
0975,0975_flickr-thelastdon-8656253413_20.mp4,TRUE,TRUE,TRUE,TRUE,FALSE
0976,0976_hdF6sGclnoE_147.mp4,TRUE,FALSE,FALSE,TRUE,FALSE
0977,0977_hwTtZjeQiKI_253.mp4,TRUE,FALSE,FALSE,TRUE,FALSE
0978,0978_jhH3DFwY0l0_32.mp4,TRUE,TRUE,TRUE,TRUE,FALSE
0979,0979_kFzKGIyXqBE_286.mp4,TRUE,FALSE,TRUE,FALSE,FALSE
0980,0980_load.mp4,FALSE,FALSE,TRUE,TRUE,FALSE
0981,0981_meta-11334027_122.mp4,FALSE,FALSE,TRUE,TRUE,FALSE
0982,0982_meta-11453840_22.mp4,TRUE,FALSE,TRUE,TRUE,FALSE
0983,0983_meta-11480541_5.mp4,TRUE,FALSE,TRUE,TRUE,FALSE
0984,0984_meta-11516941_39.mp4,TRUE,FALSE,TRUE,FALSE,FALSE
0985,0985_meta-1429519_23.mp4,TRUE,FALSE,TRUE,TRUE,FALSE
0986,0986_meta-1510063_6.mp4,TRUE,FALSE,FALSE,TRUE,FALSE
0987,0987_meta-2822775_113.mp4,TRUE,TRUE,TRUE,TRUE,FALSE
0988,0988_meta-351476_83.mp4,TRUE,FALSE,TRUE,FALSE,FALSE
0989,0989_meta-424282_8.mp4,TRUE,FALSE,TRUE,FALSE,FALSE
0990,0990_meta-824349_21.mp4,FALSE,FALSE,TRUE,TRUE,FALSE
0991,0991_meta-973517_27.mp4,FALSE,FALSE,TRUE,TRUE,FALSE
0992,0992_nFjglglvaKo_9.mp4,TRUE,TRUE,TRUE,TRUE,FALSE
0993,0993_owGniEqy7RY_1.mp4,TRUE,TRUE,TRUE,TRUE,FALSE
0994,0994_peeks-www_k_to_keek_Ci5Rcab_11.mp4,TRUE,FALSE,FALSE,TRUE,FALSE
0995,0995_uIR8RtI9kaw_3.mp4,FALSE,FALSE,TRUE,TRUE,FALSE
0996,0996_uXx8kx1leQ4_172.mp4,TRUE,FALSE,TRUE,TRUE,FALSE
0997,0997_vsahv0G8oO8_103.mp4,FALSE,FALSE,TRUE,FALSE,FALSE
0998,0998_wc-8lYUtCY5Er7d_31.mp4,TRUE,FALSE,FALSE,TRUE,FALSE
0999,0999_wc-QqJnzWt2uQtA_34.mp4,TRUE,TRUE,FALSE,TRUE,FALSE
1000,1000_yt_R-1887PalKvzM_35.mp4,TRUE,FALSE,TRUE,FALSE,FALSE
1001,1001_0-2-4-4-9-1-5-4-6102449154.mp4,FALSE,FALSE,TRUE,TRUE,FALSE
1002,1002_0-7-1-7-9-2-3-6-5807179236.mp4,TRUE,TRUE,TRUE,FALSE,FALSE
1003,1003_0-7-8-9-3-2-8-6-3907893286.mp4,FALSE,FALSE,FALSE,TRUE,FALSE
1004,1004_0-9-6-3-1-2-8-4-2809631284_6.mp4,TRUE,FALSE,TRUE,TRUE,FALSE
1005,1005_1-0-2-1-4-9-8-1-5710214981.mp4,TRUE,TRUE,TRUE,TRUE,FALSE
1006,1006_1-9-3-2-5-7-8-5-12619325785.mp4,TRUE,FALSE,TRUE,TRUE,FALSE
1007,1007_2-0-0-3348805200.mp4,TRUE,FALSE,TRUE,TRUE,FALSE
1008,1008_3-4-6-2-9-5-5-2-3334629552.mp4,TRUE,FALSE,TRUE,TRUE,FALSE
1009,1009_4-7-3-6-6-7-6-6-8247366766.mp4,TRUE,FALSE,TRUE,TRUE,FALSE
1010,1010_5-3-0-9-0-5-9-2-4353090592.mp4,FALSE,FALSE,TRUE,TRUE,FALSE
1011,1011_5-8-2-8-6-3-7-6-7658286376.mp4,TRUE,TRUE,FALSE,TRUE,FALSE
1012,1012_5-9-8-6-9-4-4-0-16359869440.mp4,FALSE,FALSE,TRUE,FALSE,FALSE
1013,1013_6-3-3-1-0-7-8-9-15063310789.mp4,TRUE,FALSE,TRUE,TRUE,FALSE
1014,1014_7-5-2-4657425752.mp4,TRUE,FALSE,TRUE,TRUE,FALSE
1015,1015_7-9-9-5-6-0-9-4-10879956094_8_edit.mp4,TRUE,FALSE,TRUE,TRUE,FALSE
1016,1016_9-2-9-4740974929.mp4,TRUE,FALSE,TRUE,TRUE,FALSE
1017,1017_9-8-2-7578651982.mp4,TRUE,FALSE,FALSE,TRUE,FALSE
1018,1018_KmiziIcOq2E_226.mp4,TRUE,FALSE,TRUE,FALSE,FALSE
1019,1019_TJbNoMUFJBA_19.mp4,TRUE,TRUE,FALSE,TRUE,FALSE
1020,1020_WjbU4eGhBXY_177.mp4,FALSE,FALSE,TRUE,TRUE,FALSE
1021,1021_au8PYD-gz5s_265.mp4,TRUE,FALSE,TRUE,FALSE,FALSE
1022,1022_bing-vimeo_com_51889469_93.mp4,TRUE,TRUE,TRUE,FALSE,FALSE
1023,1023_flickr-0-0-0-8-7-9-1-8-7200087918_6.mp4,FALSE,FALSE,TRUE,FALSE,FALSE
1024,1024_flickr-0-2-3-3-1-4-7-1-6502331471_69.mp4,TRUE,FALSE,TRUE,TRUE,FALSE
1025,1025_flickr-0-5-3-6-9-8-3-4-3405369834_9.mp4,FALSE,FALSE,TRUE,TRUE,FALSE
1026,1026_flickr-0-5-4-0-2-9-4-4-4705402944_1.mp4,FALSE,FALSE,TRUE,TRUE,FALSE
1027,1027_flickr-0-8-7-7-9-6-5-5-6508779655_4.mp4,TRUE,TRUE,TRUE,TRUE,FALSE
1028,1028_flickr-1-3-3-4-2-0-4-4-8713342044_16.mp4,TRUE,TRUE,TRUE,TRUE,FALSE
1029,1029_flickr-1-4-8-9-3-2-7-3-5214893273_51.mp4,FALSE,FALSE,TRUE,FALSE,FALSE
1030,1030_flickr-1-6-3-4-7-1-2-2-7416347122_13.mp4,TRUE,FALSE,TRUE,TRUE,FALSE
1031,1031_flickr-1-6-4-4-5-3-5-3-8016445353_6.mp4,TRUE,FALSE,TRUE,TRUE,FALSE
1032,1032_flickr-1-8-2-7-3-9-4-1-3418273941_1.mp4,TRUE,FALSE,TRUE,TRUE,FALSE
1033,1033_flickr-1-8-9-0-8-8-3-5-3118908835_9.mp4,TRUE,FALSE,TRUE,TRUE,FALSE
1034,1034_flickr-1-9-1-2-0-6-5-7-3419120657_4.mp4,TRUE,TRUE,TRUE,TRUE,FALSE
1035,1035_flickr-1-9-2-9-1-2-7-9-2819291279_7.mp4,FALSE,FALSE,TRUE,FALSE,FALSE
1036,1036_flickr-2-0-1-5-3-8-4-8-2620153848_7.mp4,FALSE,FALSE,TRUE,FALSE,FALSE
1037,1037_flickr-2-3-2-2-6-8-3-4-4323226834_12.mp4,FALSE,FALSE,TRUE,TRUE,FALSE
1038,1038_flickr-2-4-1-6-4-7-6-4-25824164764_12.mp4,TRUE,TRUE,TRUE,TRUE,FALSE
1039,1039_flickr-2-6-9-4-0-2-5-5-23726940255_1.mp4,TRUE,TRUE,TRUE,TRUE,FALSE
1040,1040_flickr-2-8-2-9-2-9-1-2-5528292912_5.mp4,TRUE,FALSE,TRUE,TRUE,FALSE
1041,1041_flickr-3-0-8-3-3-8-7-0-21830833870_4.mp4,TRUE,FALSE,TRUE,TRUE,FALSE
1042,1042_flickr-3-1-6-4273893316_10.mp4,TRUE,FALSE,TRUE,TRUE,FALSE
1043,1043_flickr-3-3-5-7-3-2-0-1-25133573201_2.mp4,FALSE,FALSE,TRUE,FALSE,FALSE
1044,1044_flickr-3-6-4-1-2-5-7-1-14436412571_16.mp4,TRUE,FALSE,TRUE,FALSE,FALSE
1045,1045_flickr-3-9-0-1-2-9-0-4-5139012904_4.mp4,TRUE,TRUE,TRUE,TRUE,FALSE
1046,1046_flickr-3-9-9-6-5-2-2-2-2839965222_1.mp4,TRUE,FALSE,TRUE,TRUE,FALSE
1047,1047_flickr-4-0-9-6-4-2-5-5-3740964255_17.mp4,TRUE,FALSE,TRUE,TRUE,FALSE
1048,1048_flickr-4-1-6-8-4-4-3-7-9241684437_1.mp4,TRUE,TRUE,TRUE,TRUE,FALSE
1049,1049_flickr-4-2-3-3-7-5-1-1-5742337511_79.mp4,TRUE,FALSE,TRUE,TRUE,FALSE
1050,1050_flickr-4-3-8-2-7-2-5-3-24043827253_16.mp4,TRUE,TRUE,TRUE,TRUE,FALSE
1051,1051_flickr-4-4-3-4-8-8-0-7-5544348807_2.mp4,TRUE,TRUE,TRUE,TRUE,FALSE
1052,1052_flickr-4-4-4-6-0-1-7-6-2844460176_19.mp4,TRUE,TRUE,TRUE,TRUE,FALSE
1053,1053_flickr-4-4-6-0-7-0-7-4-18344607074_27.mp4,TRUE,TRUE,TRUE,TRUE,FALSE
1054,1054_flickr-4-5-1-3-9-3-3-5-4045139335_26.mp4,FALSE,FALSE,FALSE,TRUE,FALSE
1055,1055_flickr-4-6-1-1-4-8-4-5-5646114845_3.mp4,TRUE,FALSE,TRUE,FALSE,FALSE
1056,1056_flickr-4-6-2-0-0-8-2-0-7346200820_3.mp4,TRUE,FALSE,TRUE,TRUE,FALSE
1057,1057_flickr-4-6-3-6-6-6-1-8-5346366618_25.mp4,TRUE,FALSE,TRUE,FALSE,FALSE
1058,1058_flickr-4-6-5-3-9-2-9-2-8446539292_1.mp4,TRUE,TRUE,FALSE,FALSE,FALSE
1059,1059_flickr-4-7-6-4-2-0-1-9-3147642019_44.mp4,TRUE,TRUE,TRUE,FALSE,FALSE
1060,1060_flickr-5-1-1-3-0-6-1-1-5751130611_19.mp4,TRUE,FALSE,TRUE,TRUE,FALSE
1061,1061_flickr-5-3-2-3-9-9-4-9-6553239949_6.mp4,TRUE,FALSE,TRUE,TRUE,FALSE
1062,1062_flickr-5-5-5-2-7-6-7-5-6555527675_63.mp4,FALSE,FALSE,TRUE,TRUE,FALSE
1063,1063_flickr-5-6-5-9-6-6-9-8-4056596698_27.mp4,TRUE,FALSE,TRUE,FALSE,FALSE
1064,1064_flickr-5-8-9-4-3-4-9-1-21858943491_22.mp4,FALSE,FALSE,TRUE,FALSE,FALSE
1065,1065_flickr-5-9-5-4-5-3-9-6-23759545396_1.mp4,TRUE,FALSE,TRUE,TRUE,FALSE
1066,1066_flickr-6-0-4-10248141604_15.mp4,TRUE,FALSE,TRUE,TRUE,FALSE
1067,1067_flickr-6-2-3-8-5-3-2-8-6262385328_12.mp4,TRUE,FALSE,TRUE,FALSE,FALSE
1068,1068_flickr-6-3-0-2-0-5-4-6-6163020546_34.mp4,TRUE,FALSE,TRUE,TRUE,FALSE
1069,1069_flickr-6-3-4-6-5-3-2-6-8663465326_1.mp4,FALSE,FALSE,TRUE,FALSE,FALSE
1070,1070_flickr-6-4-3-4-1-8-0-7-3564341807_2.mp4,TRUE,FALSE,TRUE,TRUE,FALSE
1071,1071_flickr-6-4-5-9-0-9-2-5-11864590925_1.mp4,TRUE,TRUE,TRUE,TRUE,FALSE
1072,1072_flickr-6-5-7-1-6-0-5-3-4465716053_21.mp4,TRUE,TRUE,TRUE,FALSE,FALSE
1073,1073_flickr-6-6-4-8-3-7-6-7-14766483767_4.mp4,TRUE,TRUE,TRUE,TRUE,FALSE
1074,1074_flickr-6-6-6-3-3-6-2-9-3366633629_3.mp4,TRUE,TRUE,TRUE,FALSE,FALSE
1075,1075_flickr-7-0-6-11866890706_21.mp4,FALSE,FALSE,TRUE,TRUE,FALSE
1076,1076_flickr-7-0-6-9-5-0-6-9-4870695069_7.mp4,TRUE,FALSE,TRUE,TRUE,FALSE
1077,1077_flickr-7-0-8-7-2-3-0-0-4670872300_21.mp4,FALSE,FALSE,TRUE,FALSE,FALSE
1078,1078_flickr-7-1-2-0-7-9-8-2-15371207982_57.mp4,TRUE,FALSE,TRUE,TRUE,FALSE
1079,1079_flickr-7-2-5-4-8-0-1-2-3572548012_36.mp4,TRUE,FALSE,FALSE,TRUE,FALSE
1080,1080_flickr-7-4-6-0-0-0-8-5-6074600085_35.mp4,TRUE,TRUE,TRUE,FALSE,FALSE
1081,1081_flickr-7-4-6-7-0-5-2-2-2874670522_7.mp4,TRUE,FALSE,TRUE,TRUE,FALSE
1082,1082_flickr-7-5-9-2-7-9-5-7-5075927957_19.mp4,TRUE,TRUE,TRUE,FALSE,FALSE
1083,1083_flickr-7-7-3-9603898773_34.mp4,FALSE,FALSE,FALSE,TRUE,FALSE
1084,1084_flickr-7-9-1-9-7-8-4-1-5979197841_5.mp4,FALSE,FALSE,TRUE,FALSE,FALSE
1085,1085_flickr-7-9-4-0-2-6-4-0-6079402640_3.mp4,FALSE,FALSE,TRUE,FALSE,FALSE
1086,1086_flickr-7-9-4-4-0-1-3-1-4879440131_23.mp4,FALSE,FALSE,TRUE,FALSE,FALSE
1087,1087_flickr-8-3-0-8-9-8-8-1-6683089881_3.mp4,TRUE,TRUE,TRUE,FALSE,FALSE
1088,1088_flickr-8-5-6-1-4-4-5-2-4385614452_26.mp4,TRUE,TRUE,TRUE,FALSE,FALSE
1089,1089_flickr-8-7-6-1-4-7-8-2-4287614782_43.mp4,TRUE,TRUE,TRUE,TRUE,FALSE
1090,1090_flickr-8-7-8-9-2-2-1-8-17787892218_4.mp4,TRUE,TRUE,TRUE,TRUE,FALSE
1091,1091_flickr-8-9-1-1-1-8-9-7-6289111897_52.mp4,TRUE,FALSE,TRUE,TRUE,FALSE
1092,1092_flickr-8-9-2-5207705892_5.mp4,TRUE,TRUE,TRUE,FALSE,FALSE
1093,1093_flickr-9-1-1-6-2-7-4-0-8691162740_7.mp4,TRUE,FALSE,TRUE,FALSE,FALSE
1094,1094_flickr-9-2-6-2-1-2-9-5-6292621295_19.mp4,TRUE,TRUE,TRUE,TRUE,FALSE
1095,1095_flickr-9-2-7-0-8-0-7-0-4292708070_55.mp4,TRUE,FALSE,TRUE,TRUE,FALSE
1096,1096_flickr-9-7-8-9-1-2-7-1-3797891271_19.mp4,TRUE,FALSE,TRUE,FALSE,FALSE
1097,1097_flickr-9-7-9-2-2-7-7-2-25797922772_10.mp4,FALSE,FALSE,TRUE,TRUE,FALSE
1098,1098_flickr-9-8-3-6-5-8-3-2-3798365832_1.mp4,FALSE,FALSE,TRUE,TRUE,FALSE
1099,1099_flickr-9-9-3-9-3-3-1-0-6799393310_48.mp4,TRUE,FALSE,TRUE,TRUE,FALSE
1100,1100_flickr-jena76-4855129978_5.mp4,TRUE,FALSE,TRUE,FALSE,FALSE
1101,1101_flickr-scrambldmeggs-3606262338_21.mp4,FALSE,FALSE,FALSE,TRUE,FALSE
1102,1102_meta_R-5602303_250.mp4,TRUE,FALSE,TRUE,FALSE,FALSE